account_id,customer_id,account_number,account_type,balance,currency,status,created_at
5001,356,PNC-96605343,SAVINGS,250378.29,USD,ACTIVE,2026-05-16 21:50:18
5002,72,PNC-35111946,ESCROW,379130.37,USD,DORMANT,2026-04-01 05:37:02
5003,444,PNC-58189421,CHECKING,218847.1,USD,ACTIVE,2026-08-27 02:57:08
5004,197,PNC-85374270,MONEY_MARKET,294401.79,USD,ACTIVE,2026-08-01 18:41:18
5005,252,PNC-65784972,TREASURY_RESERVE,220681.73,USD,ACTIVE,2026-07-09 14:42:56
5006,16,PNC-39598969,ESCROW,16163.75,USD,ACTIVE,2026-07-04 05:12:30
5007,148,PNC-32576626,TREASURY_RESERVE,255194.23,USD,ACTIVE,2026-07-06 13:40:49
5008,262,PNC-25194922,MONEY_MARKET,52721.68,USD,DORMANT,2026-08-28 16:32:48
5009,188,PNC-82751830,CHECKING,342361.85,USD,ACTIVE,2026-07-05 21:57:41
5010,112,PNC-67063296,CHECKING,331590.93,USD,FROZEN,2026-08-14 17:17:40
5011,127,PNC-49957816,CHECKING,203204.96,USD,ACTIVE,2026-09-05 05:54:44
5012,419,PNC-21674661,TREASURY_RESERVE,389582.78,USD,ACTIVE,2026-08-19 10:28:34
5013,416,PNC-41802361,SAVINGS,365100.17,USD,DORMANT,2026-08-02 15:21:58
5014,180,PNC-91907952,TREASURY_RESERVE,75942.76,USD,ACTIVE,2026-08-21 05:26:01
5015,106,PNC-37775381,CHECKING,257178.34,USD,DORMANT,2026-05-15 09:43:19
5016,306,PNC-82312290,SAVINGS,146658.65,USD,FROZEN,2026-05-17 15:32:50
5017,149,PNC-86871268,ESCROW,428650.21,USD,DORMANT,2026-09-12 14:47:54
5018,348,PNC-22780905,SAVINGS,433303.24,USD,ACTIVE,2026-09-16 05:32:36
5019,31,PNC-47221734,SAVINGS,316089.8,USD,ACTIVE,2026-05-09 07:21:04
5020,75,PNC-53231088,SAVINGS,343020.9,USD,FROZEN,2026-06-06 01:53:20
5021,251,PNC-29081953,MONEY_MARKET,285132.29,USD,FROZEN,2026-06-10 06:11:58
5022,193,PNC-70665302,CHECKING,285682.05,USD,ACTIVE,2026-06-08 01:11:29
5023,264,PNC-47342819,ESCROW,205431.0,USD,ACTIVE,2026-05-24 09:02:57
5024,298,PNC-10331931,CHECKING,329322.97,USD,ACTIVE,2026-07-23 02:20:31
5025,341,PNC-58079840,CHECKING,358361.55,USD,ACTIVE,2026-05-03 02:55:54
5026,496,PNC-67665720,SAVINGS,223379.65,USD,ACTIVE,2026-08-29 16:07:54
5027,146,PNC-55332729,MONEY_MARKET,260703.24,USD,DORMANT,2026-09-03 08:20:52
5028,249,PNC-56135950,CHECKING,22105.4,USD,FROZEN,2026-08-21 00:57:42
5029,429,PNC-71684020,CHECKING,57220.37,USD,ACTIVE,2026-06-15 12:18:44
5030,234,PNC-10090721,TREASURY_RESERVE,92239.72,USD,FROZEN,2026-09-14 09:54:56
5031,68,PNC-97241147,ESCROW,72801.39,USD,ACTIVE,2026-04-08 22:46:00
5032,336,PNC-58376818,ESCROW,38465.61,USD,FROZEN,2026-09-13 07:47:07
5033,333,PNC-32216400,CHECKING,179259.19,USD,ACTIVE,2026-08-09 19:07:18
5034,359,PNC-41426254,TREASURY_RESERVE,295485.12,USD,FROZEN,2026-04-09 07:21:32
5035,1,PNC-38644905,TREASURY_RESERVE,36455.52,USD,DORMANT,2026-05-04 17:53:47
5036,266,PNC-69735865,CHECKING,5116.06,USD,ACTIVE,2026-08-27 11:46:29
5037,62,PNC-66682016,SAVINGS,215748.56,USD,ACTIVE,2026-06-04 05:00:21
5038,46,PNC-23747542,CHECKING,142038.14,USD,ACTIVE,2026-04-17 10:50:22
5039,196,PNC-27870584,SAVINGS,32182.61,USD,DORMANT,2026-03-23 11:15:57
5040,313,PNC-97244236,SAVINGS,198884.59,USD,FROZEN,2026-05-02 04:40:52
5041,322,PNC-30317091,TREASURY_RESERVE,277810.09,USD,ACTIVE,2026-09-04 19:29:12
5042,112,PNC-21635070,CHECKING,64295.89,USD,ACTIVE,2026-07-14 07:23:03
5043,374,PNC-61543890,ESCROW,433517.05,USD,ACTIVE,2026-08-22 10:27:19
5044,72,PNC-43257324,ESCROW,290612.32,USD,ACTIVE,2026-07-07 06:47:09
5045,308,PNC-90531692,MONEY_MARKET,129286.98,USD,FROZEN,2026-03-27 00:46:53
5046,435,PNC-98369672,ESCROW,93642.4,USD,DORMANT,2026-06-28 18:19:05
5047,97,PNC-62579931,ESCROW,291307.14,USD,ACTIVE,2026-06-25 22:06:53
5048,198,PNC-25132198,SAVINGS,225562.77,USD,DORMANT,2026-04-04 14:42:38
5049,271,PNC-11619606,ESCROW,420365.09,USD,ACTIVE,2026-06-04 22:34:03
5050,441,PNC-86286724,TREASURY_RESERVE,165387.49,USD,FROZEN,2026-04-24 08:56:19
5051,391,PNC-73218512,CHECKING,8985.2,USD,ACTIVE,2026-03-24 12:03:10
5052,135,PNC-38956527,CHECKING,415276.81,USD,ACTIVE,2026-06-28 04:44:50
5053,147,PNC-94365330,MONEY_MARKET,345548.84,USD,ACTIVE,2026-08-05 02:26:43
5054,206,PNC-21063273,MONEY_MARKET,242638.43,USD,ACTIVE,2026-05-14 16:51:51
5055,43,PNC-51594998,CHECKING,230820.16,USD,ACTIVE,2026-08-25 17:36:13
5056,80,PNC-81993070,ESCROW,176743.08,USD,FROZEN,2026-08-17 00:39:11
5057,428,PNC-97219985,CHECKING,140611.02,USD,ACTIVE,2026-08-10 13:37:24
5058,489,PNC-42029368,CHECKING,111149.17,USD,ACTIVE,2026-04-13 08:18:26
5059,233,PNC-92181084,MONEY_MARKET,26180.34,USD,FROZEN,2026-08-12 20:18:47
5060,337,PNC-33574794,CHECKING,7180.24,USD,ACTIVE,2026-08-05 00:59:45
5061,6,PNC-31989243,TREASURY_RESERVE,428927.77,USD,DORMANT,2026-06-30 06:12:14
5062,401,PNC-44795538,SAVINGS,168283.44,USD,FROZEN,2026-08-20 12:04:20
5063,448,PNC-46072958,CHECKING,347486.49,USD,ACTIVE,2026-05-25 21:02:07
5064,414,PNC-67622968,ESCROW,236448.61,USD,ACTIVE,2026-08-07 03:26:15
5065,500,PNC-87396877,CHECKING,224022.18,USD,DORMANT,2026-05-30 18:04:11
5066,29,PNC-77056519,MONEY_MARKET,76346.3,USD,ACTIVE,2026-05-10 08:41:52
5067,396,PNC-23811663,MONEY_MARKET,303843.01,USD,ACTIVE,2026-05-05 04:12:45
5068,380,PNC-78293320,CHECKING,21251.0,USD,ACTIVE,2026-05-08 07:27:47
5069,24,PNC-73319171,ESCROW,173266.29,USD,ACTIVE,2026-04-25 13:47:21
5070,477,PNC-14746418,MONEY_MARKET,361697.3,USD,FROZEN,2026-08-12 15:31:25
5071,336,PNC-66286795,SAVINGS,145828.2,USD,ACTIVE,2026-09-15 15:57:48
5072,369,PNC-52940967,ESCROW,371959.65,USD,DORMANT,2026-06-02 05:10:58
5073,62,PNC-77382794,CHECKING,81935.94,USD,DORMANT,2026-03-30 17:48:48
5074,489,PNC-63811222,CHECKING,394830.57,USD,ACTIVE,2026-08-19 00:40:12
5075,433,PNC-51701149,ESCROW,40243.91,USD,ACTIVE,2026-03-23 08:54:35
5076,189,PNC-36933626,ESCROW,254367.32,USD,ACTIVE,2026-08-12 10:26:41
5077,319,PNC-42559072,TREASURY_RESERVE,166670.72,USD,ACTIVE,2026-08-18 20:24:34
5078,398,PNC-36229153,MONEY_MARKET,342576.28,USD,ACTIVE,2026-04-20 01:27:39
5079,4,PNC-65034115,CHECKING,105999.49,USD,ACTIVE,2026-07-23 07:28:28
5080,430,PNC-11287794,ESCROW,2155.73,USD,FROZEN,2026-06-02 21:20:19
5081,435,PNC-51273379,CHECKING,93529.68,USD,ACTIVE,2026-06-11 08:15:16
5082,252,PNC-18038980,SAVINGS,320676.13,USD,ACTIVE,2026-03-30 08:21:39
5083,472,PNC-41067722,MONEY_MARKET,186755.98,USD,ACTIVE,2026-06-18 20:20:24
5084,499,PNC-21395409,MONEY_MARKET,44366.29,USD,ACTIVE,2026-07-23 13:24:40
5085,420,PNC-62928934,CHECKING,266965.25,USD,ACTIVE,2026-06-14 06:56:16
5086,340,PNC-27543369,SAVINGS,132316.7,USD,ACTIVE,2026-09-17 15:26:20
5087,411,PNC-62741214,ESCROW,144148.89,USD,ACTIVE,2026-05-06 04:28:41
5088,39,PNC-37207628,SAVINGS,351301.74,USD,DORMANT,2026-04-11 23:37:15
5089,80,PNC-24181143,SAVINGS,203130.69,USD,ACTIVE,2026-06-08 18:15:23
5090,62,PNC-81930575,ESCROW,434138.67,USD,ACTIVE,2026-06-17 13:51:25
5091,158,PNC-72189327,ESCROW,383838.26,USD,ACTIVE,2026-04-21 10:18:42
5092,414,PNC-50831043,MONEY_MARKET,19587.92,USD,ACTIVE,2026-04-19 15:00:35
5093,47,PNC-43315361,ESCROW,179215.64,USD,ACTIVE,2026-07-31 07:40:26
5094,154,PNC-44918995,SAVINGS,15440.32,USD,ACTIVE,2026-09-03 18:30:05
5095,232,PNC-84618850,MONEY_MARKET,113558.9,USD,ACTIVE,2026-04-10 14:41:36
5096,412,PNC-28762704,CHECKING,6862.68,USD,ACTIVE,2026-04-16 04:56:52
5097,102,PNC-63765180,ESCROW,309298.94,USD,FROZEN,2026-04-07 03:25:22
5098,299,PNC-88667527,ESCROW,412966.72,USD,ACTIVE,2026-03-26 01:22:01
5099,34,PNC-36541600,TREASURY_RESERVE,364470.45,USD,ACTIVE,2026-09-13 13:44:23
5100,434,PNC-54499873,CHECKING,20649.3,USD,ACTIVE,2026-03-31 15:45:34
5101,87,PNC-87025433,TREASURY_RESERVE,370025.9,USD,ACTIVE,2026-06-26 03:53:14
5102,16,PNC-61369075,TREASURY_RESERVE,79004.03,USD,ACTIVE,2026-09-14 04:46:31
5103,96,PNC-46907428,ESCROW,201536.13,USD,ACTIVE,2026-03-28 13:14:56
5104,315,PNC-93104469,MONEY_MARKET,111734.47,USD,ACTIVE,2026-06-26 16:46:27
5105,211,PNC-83912181,TREASURY_RESERVE,28849.11,USD,ACTIVE,2026-06-04 04:45:05
5106,71,PNC-66268745,SAVINGS,289729.66,USD,DORMANT,2026-05-09 04:53:00
5107,323,PNC-82968364,CHECKING,445247.52,USD,FROZEN,2026-05-30 13:21:16
5108,246,PNC-83083942,TREASURY_RESERVE,155799.3,USD,DORMANT,2026-06-27 09:05:35
5109,165,PNC-62127652,ESCROW,82147.42,USD,ACTIVE,2026-07-15 18:32:05
5110,113,PNC-13933043,ESCROW,27778.17,USD,ACTIVE,2026-07-02 15:06:14
5111,184,PNC-88381665,SAVINGS,438329.97,USD,ACTIVE,2026-05-08 22:52:06
5112,337,PNC-42366980,ESCROW,240859.77,USD,FROZEN,2026-04-01 16:19:26
5113,392,PNC-39448924,MONEY_MARKET,381157.53,USD,ACTIVE,2026-05-29 17:16:48
5114,479,PNC-33315234,SAVINGS,107593.18,USD,ACTIVE,2026-08-25 08:58:58
5115,378,PNC-58155056,MONEY_MARKET,14150.65,USD,FROZEN,2026-05-29 02:43:42
5116,486,PNC-86188876,MONEY_MARKET,65232.88,USD,ACTIVE,2026-08-31 07:03:38
5117,415,PNC-76065552,MONEY_MARKET,140110.3,USD,ACTIVE,2026-03-29 04:41:40
5118,47,PNC-17538738,SAVINGS,271345.76,USD,ACTIVE,2026-07-02 01:11:55
5119,245,PNC-10091737,ESCROW,413176.44,USD,ACTIVE,2026-08-25 10:04:43
5120,67,PNC-55735904,SAVINGS,413573.18,USD,ACTIVE,2026-04-02 09:19:18
5121,12,PNC-29825571,MONEY_MARKET,317556.31,USD,ACTIVE,2026-08-19 04:34:49
5122,57,PNC-80638102,ESCROW,432310.6,USD,ACTIVE,2026-08-05 15:09:21
5123,483,PNC-98870866,TREASURY_RESERVE,264328.47,USD,ACTIVE,2026-05-19 10:05:54
5124,166,PNC-28314232,SAVINGS,329959.88,USD,ACTIVE,2026-08-22 14:01:28
5125,328,PNC-75390879,ESCROW,79629.9,USD,DORMANT,2026-08-03 11:59:47
5126,456,PNC-92370625,ESCROW,101621.89,USD,DORMANT,2026-08-26 23:24:09
5127,90,PNC-60785855,ESCROW,330696.75,USD,ACTIVE,2026-04-15 13:15:26
5128,91,PNC-10241310,MONEY_MARKET,177133.24,USD,DORMANT,2026-03-28 02:41:07
5129,94,PNC-90851238,ESCROW,414585.64,USD,DORMANT,2026-05-03 17:13:02
5130,328,PNC-85906869,CHECKING,421604.48,USD,ACTIVE,2026-05-25 03:07:39
5131,382,PNC-20443030,SAVINGS,157044.34,USD,ACTIVE,2026-04-23 10:10:58
5132,326,PNC-21908603,ESCROW,201813.53,USD,ACTIVE,2026-05-01 12:58:13
5133,128,PNC-19099261,ESCROW,116611.09,USD,ACTIVE,2026-08-08 17:08:29
5134,1,PNC-16462242,TREASURY_RESERVE,198041.73,USD,ACTIVE,2026-04-23 02:57:50
5135,453,PNC-65568711,TREASURY_RESERVE,396974.14,USD,ACTIVE,2026-07-05 20:25:37
5136,193,PNC-23613510,TREASURY_RESERVE,355245.4,USD,DORMANT,2026-07-26 05:30:31
5137,389,PNC-40277201,SAVINGS,203902.41,USD,ACTIVE,2026-05-18 02:08:40
5138,11,PNC-52777459,ESCROW,428320.47,USD,ACTIVE,2026-05-27 04:42:45
5139,88,PNC-60393104,SAVINGS,329795.31,USD,DORMANT,2026-09-12 05:19:58
5140,48,PNC-55358959,MONEY_MARKET,443396.33,USD,ACTIVE,2026-08-05 15:00:01
5141,16,PNC-67891237,SAVINGS,273881.96,USD,ACTIVE,2026-04-21 07:55:39
5142,28,PNC-23590593,ESCROW,93689.39,USD,ACTIVE,2026-06-09 07:09:11
5143,357,PNC-84371711,MONEY_MARKET,120471.25,USD,ACTIVE,2026-05-18 13:45:29
5144,122,PNC-22873617,CHECKING,177716.64,USD,DORMANT,2026-08-31 21:46:35
5145,252,PNC-30614492,CHECKING,163331.77,USD,ACTIVE,2026-04-07 20:08:54
5146,151,PNC-98854850,MONEY_MARKET,216927.29,USD,ACTIVE,2026-03-26 19:42:28
5147,106,PNC-32928708,ESCROW,439710.38,USD,ACTIVE,2026-09-01 16:01:11
5148,60,PNC-51386492,TREASURY_RESERVE,212718.59,USD,FROZEN,2026-05-12 06:46:51
5149,47,PNC-96149847,MONEY_MARKET,175305.91,USD,ACTIVE,2026-09-09 18:27:57
5150,196,PNC-59580252,SAVINGS,201430.21,USD,ACTIVE,2026-06-15 05:06:35
5151,239,PNC-45353058,SAVINGS,376929.82,USD,DORMANT,2026-04-02 19:01:52
5152,78,PNC-99586100,CHECKING,39939.73,USD,ACTIVE,2026-08-25 18:09:48
5153,278,PNC-65564347,MONEY_MARKET,103539.47,USD,ACTIVE,2026-09-01 02:10:10
5154,199,PNC-80139805,TREASURY_RESERVE,434584.03,USD,FROZEN,2026-09-06 03:47:23
5155,480,PNC-73729850,MONEY_MARKET,396921.76,USD,ACTIVE,2026-05-18 20:31:21
5156,41,PNC-62989744,CHECKING,226692.51,USD,DORMANT,2026-08-24 06:08:23
5157,293,PNC-93251648,SAVINGS,55446.42,USD,ACTIVE,2026-04-24 09:26:42
5158,486,PNC-32436477,SAVINGS,364094.63,USD,ACTIVE,2026-03-30 02:39:17
5159,217,PNC-20518444,TREASURY_RESERVE,92060.8,USD,FROZEN,2026-04-19 12:56:00
5160,428,PNC-89865944,ESCROW,144907.65,USD,FROZEN,2026-09-15 08:07:48
5161,414,PNC-18994192,CHECKING,175562.47,USD,ACTIVE,2026-07-07 00:31:47
5162,167,PNC-47071046,MONEY_MARKET,206983.5,USD,ACTIVE,2026-08-21 13:21:44
5163,359,PNC-93625419,MONEY_MARKET,235869.06,USD,ACTIVE,2026-04-12 16:08:47
5164,213,PNC-30084652,SAVINGS,255617.38,USD,DORMANT,2026-08-16 02:03:56
5165,494,PNC-23449152,CHECKING,253863.67,USD,ACTIVE,2026-08-21 09:36:39
5166,147,PNC-81891508,ESCROW,395235.26,USD,ACTIVE,2026-06-04 04:52:58
5167,336,PNC-75174087,MONEY_MARKET,274619.53,USD,ACTIVE,2026-04-24 06:16:47
5168,142,PNC-64086249,SAVINGS,278782.65,USD,FROZEN,2026-08-03 12:27:59
5169,206,PNC-15205303,TREASURY_RESERVE,400474.03,USD,ACTIVE,2026-08-02 21:47:53
5170,122,PNC-16615722,TREASURY_RESERVE,414494.49,USD,ACTIVE,2026-03-25 18:03:46
5171,173,PNC-50675347,ESCROW,127235.47,USD,ACTIVE,2026-09-04 11:26:05
5172,357,PNC-23182514,SAVINGS,61771.91,USD,FROZEN,2026-06-15 20:48:57
5173,397,PNC-53066216,ESCROW,328366.54,USD,DORMANT,2026-07-25 04:16:27
5174,46,PNC-35224301,TREASURY_RESERVE,96308.64,USD,ACTIVE,2026-08-12 16:49:25
5175,249,PNC-79323646,ESCROW,369726.3,USD,DORMANT,2026-08-22 12:23:00
5176,82,PNC-18806960,ESCROW,319741.88,USD,ACTIVE,2026-04-17 03:56:41
5177,400,PNC-80368504,MONEY_MARKET,14483.25,USD,ACTIVE,2026-09-07 18:24:28
5178,427,PNC-36941091,CHECKING,113396.38,USD,ACTIVE,2026-03-31 15:23:38
5179,471,PNC-58368724,SAVINGS,124378.91,USD,ACTIVE,2026-06-27 21:49:49
5180,204,PNC-95283260,CHECKING,307006.7,USD,ACTIVE,2026-06-02 03:35:30
5181,251,PNC-89731181,TREASURY_RESERVE,81146.29,USD,ACTIVE,2026-07-13 18:49:51
5182,283,PNC-56943979,ESCROW,74835.86,USD,ACTIVE,2026-08-14 06:10:57
5183,426,PNC-22132198,ESCROW,13811.54,USD,ACTIVE,2026-04-22 10:58:27
5184,438,PNC-86807176,SAVINGS,385914.37,USD,FROZEN,2026-05-04 12:52:08
5185,347,PNC-37746963,ESCROW,293736.92,USD,DORMANT,2026-03-25 17:13:17
5186,443,PNC-11194267,TREASURY_RESERVE,410314.67,USD,FROZEN,2026-04-24 10:56:39
5187,308,PNC-11135982,SAVINGS,114697.11,USD,ACTIVE,2026-08-07 05:22:56
5188,496,PNC-96267144,ESCROW,191577.35,USD,ACTIVE,2026-09-03 04:27:00
5189,179,PNC-71605671,ESCROW,99366.76,USD,ACTIVE,2026-07-31 07:44:01
5190,267,PNC-93698993,TREASURY_RESERVE,263642.49,USD,ACTIVE,2026-06-29 03:35:51
5191,340,PNC-60228268,MONEY_MARKET,291832.94,USD,DORMANT,2026-05-15 17:08:26
5192,153,PNC-24509544,TREASURY_RESERVE,30130.92,USD,ACTIVE,2026-07-24 05:09:31
5193,167,PNC-47162866,ESCROW,295769.64,USD,FROZEN,2026-05-18 20:14:18
5194,97,PNC-30123169,MONEY_MARKET,344815.26,USD,ACTIVE,2026-08-25 05:20:45
5195,439,PNC-90535106,TREASURY_RESERVE,297747.85,USD,FROZEN,2026-04-17 23:53:22
5196,370,PNC-13416548,TREASURY_RESERVE,448864.89,USD,ACTIVE,2026-09-13 22:17:06
5197,215,PNC-64304344,TREASURY_RESERVE,331924.34,USD,DORMANT,2026-08-06 07:36:40
5198,293,PNC-35489981,ESCROW,327357.62,USD,ACTIVE,2026-08-02 02:14:42
5199,274,PNC-95672999,TREASURY_RESERVE,408077.14,USD,FROZEN,2026-05-30 10:29:18
5200,260,PNC-50291467,SAVINGS,378526.45,USD,DORMANT,2026-04-25 23:55:30
5201,151,PNC-23100061,TREASURY_RESERVE,58882.95,USD,ACTIVE,2026-08-09 15:23:07
5202,414,PNC-85031958,SAVINGS,426195.14,USD,ACTIVE,2026-07-26 21:39:26
5203,46,PNC-39830361,ESCROW,101662.57,USD,ACTIVE,2026-06-11 11:18:54
5204,404,PNC-54468633,ESCROW,118360.82,USD,ACTIVE,2026-06-19 21:03:07
5205,436,PNC-25808361,TREASURY_RESERVE,25574.11,USD,FROZEN,2026-07-13 03:25:32
5206,298,PNC-93302863,CHECKING,213290.53,USD,ACTIVE,2026-06-27 00:09:52
5207,62,PNC-61226775,MONEY_MARKET,135312.56,USD,ACTIVE,2026-09-06 22:13:19
5208,438,PNC-30237141,SAVINGS,446568.01,USD,ACTIVE,2026-06-09 06:44:34
5209,292,PNC-71414198,SAVINGS,143397.98,USD,FROZEN,2026-04-25 20:17:39
5210,399,PNC-20846331,TREASURY_RESERVE,150684.31,USD,ACTIVE,2026-05-21 16:23:10
5211,325,PNC-17786452,CHECKING,204245.87,USD,ACTIVE,2026-08-16 15:11:19
5212,397,PNC-32629881,MONEY_MARKET,344370.96,USD,ACTIVE,2026-08-21 07:07:07
5213,391,PNC-21816709,SAVINGS,277094.16,USD,FROZEN,2026-06-13 04:57:54
5214,207,PNC-67582820,TREASURY_RESERVE,173417.41,USD,ACTIVE,2026-07-03 11:22:41
5215,103,PNC-60076822,CHECKING,401564.87,USD,DORMANT,2026-04-27 19:55:21
5216,10,PNC-10553491,SAVINGS,102980.17,USD,ACTIVE,2026-05-21 10:13:34
5217,67,PNC-23785264,TREASURY_RESERVE,227246.41,USD,ACTIVE,2026-04-23 06:08:28
5218,34,PNC-16136213,ESCROW,426885.82,USD,ACTIVE,2026-08-10 03:42:48
5219,267,PNC-90043415,MONEY_MARKET,153019.07,USD,FROZEN,2026-04-16 19:16:29
5220,176,PNC-75790669,ESCROW,337926.84,USD,ACTIVE,2026-09-13 22:12:15
5221,471,PNC-64142310,CHECKING,103945.6,USD,FROZEN,2026-04-16 07:14:02
5222,109,PNC-12941149,MONEY_MARKET,227828.15,USD,ACTIVE,2026-06-01 00:12:38
5223,365,PNC-97314051,CHECKING,169773.81,USD,FROZEN,2026-05-10 11:50:05
5224,395,PNC-81770706,MONEY_MARKET,23291.25,USD,ACTIVE,2026-07-28 08:46:27
5225,56,PNC-97720360,CHECKING,23133.42,USD,ACTIVE,2026-06-10 18:05:08
5226,228,PNC-61036796,CHECKING,246956.15,USD,ACTIVE,2026-08-05 02:42:49
5227,79,PNC-37581060,CHECKING,136550.73,USD,FROZEN,2026-04-10 10:22:15
5228,340,PNC-79834723,ESCROW,280824.8,USD,FROZEN,2026-04-17 10:59:57
5229,215,PNC-24081350,MONEY_MARKET,323866.65,USD,ACTIVE,2026-05-15 17:16:47
5230,59,PNC-24262473,TREASURY_RESERVE,90593.03,USD,ACTIVE,2026-08-19 21:19:19
5231,135,PNC-80215481,SAVINGS,162027.94,USD,ACTIVE,2026-05-18 04:12:25
5232,83,PNC-15288944,MONEY_MARKET,224115.09,USD,ACTIVE,2026-08-02 11:02:00
5233,478,PNC-74513622,ESCROW,106675.61,USD,ACTIVE,2026-07-30 05:48:29
5234,46,PNC-24821786,MONEY_MARKET,301556.34,USD,ACTIVE,2026-04-08 07:35:11
5235,400,PNC-78679929,CHECKING,326018.28,USD,ACTIVE,2026-09-13 12:20:54
5236,132,PNC-96481420,SAVINGS,206352.93,USD,ACTIVE,2026-05-12 02:40:57
5237,238,PNC-16721650,CHECKING,366210.52,USD,ACTIVE,2026-09-03 07:32:15
5238,149,PNC-58347193,ESCROW,192558.85,USD,ACTIVE,2026-04-09 06:29:44
5239,436,PNC-16159129,CHECKING,383621.43,USD,FROZEN,2026-07-25 11:56:06
5240,88,PNC-54112109,ESCROW,402695.64,USD,DORMANT,2026-05-12 22:10:59
5241,450,PNC-22475714,ESCROW,367011.48,USD,ACTIVE,2026-04-12 22:15:59
5242,206,PNC-63720675,TREASURY_RESERVE,123417.14,USD,ACTIVE,2026-08-02 18:56:57
5243,436,PNC-74188958,TREASURY_RESERVE,292507.65,USD,ACTIVE,2026-04-12 18:39:09
5244,68,PNC-17871385,SAVINGS,48015.33,USD,DORMANT,2026-06-23 13:11:55
5245,411,PNC-86362294,TREASURY_RESERVE,82795.36,USD,ACTIVE,2026-08-20 02:56:22
5246,184,PNC-92055138,CHECKING,388365.23,USD,FROZEN,2026-09-10 23:41:12
5247,67,PNC-74837853,TREASURY_RESERVE,52152.46,USD,ACTIVE,2026-06-15 09:31:30
5248,24,PNC-18500820,ESCROW,295255.65,USD,ACTIVE,2026-08-05 15:17:47
5249,445,PNC-80439867,MONEY_MARKET,326112.43,USD,ACTIVE,2026-07-29 21:28:18
5250,448,PNC-55405943,MONEY_MARKET,236111.77,USD,FROZEN,2026-07-19 20:58:24
5251,49,PNC-68095862,SAVINGS,217645.46,USD,FROZEN,2026-07-31 03:32:11
5252,329,PNC-61657265,SAVINGS,377806.31,USD,DORMANT,2026-09-11 01:04:49
5253,314,PNC-17323740,CHECKING,290064.32,USD,ACTIVE,2026-06-27 23:53:11
5254,435,PNC-72986894,TREASURY_RESERVE,391432.91,USD,ACTIVE,2026-08-14 17:41:18
5255,252,PNC-53034742,SAVINGS,149906.34,USD,ACTIVE,2026-03-31 14:25:19
5256,260,PNC-39891163,MONEY_MARKET,290027.82,USD,ACTIVE,2026-08-27 11:44:53
5257,121,PNC-20580463,TREASURY_RESERVE,200718.71,USD,DORMANT,2026-06-16 20:03:41
5258,46,PNC-76901651,TREASURY_RESERVE,143253.6,USD,ACTIVE,2026-08-13 12:50:10
5259,335,PNC-12384932,CHECKING,182442.69,USD,ACTIVE,2026-07-08 00:11:22
5260,282,PNC-10022778,CHECKING,356614.8,USD,DORMANT,2026-07-23 14:54:49
5261,156,PNC-78227936,MONEY_MARKET,94272.79,USD,FROZEN,2026-06-18 09:51:13
5262,487,PNC-55748676,ESCROW,371651.98,USD,ACTIVE,2026-09-01 18:34:31
5263,233,PNC-54556611,MONEY_MARKET,345686.26,USD,DORMANT,2026-06-21 16:44:00
5264,367,PNC-98203489,ESCROW,322587.2,USD,ACTIVE,2026-04-09 17:51:36
5265,389,PNC-98437437,SAVINGS,2485.33,USD,ACTIVE,2026-08-29 23:18:36
5266,325,PNC-49189370,MONEY_MARKET,235610.31,USD,FROZEN,2026-04-11 11:16:06
5267,24,PNC-32032560,TREASURY_RESERVE,64491.46,USD,FROZEN,2026-08-13 00:07:20
5268,370,PNC-64923338,CHECKING,115548.76,USD,ACTIVE,2026-04-27 05:47:11
5269,62,PNC-62733674,SAVINGS,206485.13,USD,ACTIVE,2026-08-08 00:14:40
5270,174,PNC-24464073,TREASURY_RESERVE,22355.41,USD,FROZEN,2026-08-31 10:38:46
5271,345,PNC-89028889,CHECKING,347807.11,USD,ACTIVE,2026-06-18 15:21:10
5272,338,PNC-89096676,MONEY_MARKET,61884.25,USD,ACTIVE,2026-03-22 15:59:08
5273,272,PNC-16519170,MONEY_MARKET,420985.76,USD,DORMANT,2026-06-23 14:23:48
5274,474,PNC-78227286,SAVINGS,311780.24,USD,ACTIVE,2026-08-10 16:07:21
5275,418,PNC-27231111,CHECKING,175251.4,USD,DORMANT,2026-07-17 12:41:05
5276,452,PNC-53197138,MONEY_MARKET,396803.67,USD,ACTIVE,2026-07-18 01:53:13
5277,469,PNC-43318046,ESCROW,179944.69,USD,ACTIVE,2026-05-17 22:43:08
5278,232,PNC-27900864,SAVINGS,186616.34,USD,FROZEN,2026-09-09 22:51:57
5279,384,PNC-78759020,ESCROW,379618.88,USD,DORMANT,2026-09-04 22:57:31
5280,161,PNC-84300459,SAVINGS,91598.75,USD,DORMANT,2026-08-07 13:02:38
5281,149,PNC-56344519,SAVINGS,441628.97,USD,FROZEN,2026-04-25 08:26:17
5282,258,PNC-82811973,ESCROW,320093.2,USD,ACTIVE,2026-07-09 00:11:11
5283,246,PNC-88222933,MONEY_MARKET,424289.13,USD,FROZEN,2026-06-10 21:21:32
5284,346,PNC-81659221,ESCROW,395048.54,USD,ACTIVE,2026-08-25 18:44:38
5285,7,PNC-80159631,CHECKING,12834.56,USD,ACTIVE,2026-04-01 03:04:17
5286,344,PNC-17597364,SAVINGS,121239.75,USD,ACTIVE,2026-05-16 11:29:45
5287,350,PNC-43629729,SAVINGS,377962.74,USD,FROZEN,2026-08-21 03:08:28
5288,152,PNC-37380537,MONEY_MARKET,15989.41,USD,ACTIVE,2026-04-10 17:21:44
5289,316,PNC-85414925,SAVINGS,334472.11,USD,DORMANT,2026-06-05 08:06:50
5290,122,PNC-78574830,ESCROW,312281.83,USD,ACTIVE,2026-09-17 17:30:10
5291,196,PNC-62016704,TREASURY_RESERVE,430580.83,USD,FROZEN,2026-05-21 12:50:38
5292,495,PNC-84104909,CHECKING,7314.91,USD,ACTIVE,2026-04-30 06:13:33
5293,318,PNC-69467023,SAVINGS,410301.64,USD,FROZEN,2026-08-06 14:29:32
5294,332,PNC-59357377,MONEY_MARKET,246656.89,USD,DORMANT,2026-04-28 23:22:59
5295,398,PNC-35970823,ESCROW,202793.49,USD,FROZEN,2026-04-05 06:49:17
5296,96,PNC-33326387,MONEY_MARKET,55030.18,USD,ACTIVE,2026-06-13 00:45:43
5297,143,PNC-84705402,ESCROW,59834.84,USD,DORMANT,2026-09-02 02:28:57
5298,131,PNC-10757677,ESCROW,210649.61,USD,ACTIVE,2026-03-29 13:54:26
5299,79,PNC-53302669,MONEY_MARKET,24308.67,USD,FROZEN,2026-07-19 08:42:54
5300,432,PNC-98837400,ESCROW,221512.1,USD,DORMANT,2026-07-06 15:42:11
5301,184,PNC-19781894,ESCROW,237139.69,USD,ACTIVE,2026-06-30 21:58:19
5302,35,PNC-77798790,SAVINGS,188045.16,USD,DORMANT,2026-06-08 03:49:50
5303,48,PNC-56896070,SAVINGS,397703.44,USD,FROZEN,2026-05-25 06:27:36
5304,170,PNC-58425464,ESCROW,99472.71,USD,DORMANT,2026-07-02 20:04:29
5305,244,PNC-85341065,CHECKING,52952.8,USD,ACTIVE,2026-06-16 08:43:50
5306,124,PNC-96203262,MONEY_MARKET,413495.37,USD,ACTIVE,2026-03-29 13:36:44
5307,350,PNC-53075436,TREASURY_RESERVE,412295.69,USD,ACTIVE,2026-06-04 18:04:58
5308,132,PNC-82509424,ESCROW,12580.52,USD,DORMANT,2026-08-28 11:04:36
5309,395,PNC-60326016,MONEY_MARKET,361563.31,USD,ACTIVE,2026-06-24 08:26:42
5310,23,PNC-49786693,SAVINGS,145160.27,USD,ACTIVE,2026-04-09 10:57:36
5311,86,PNC-82205759,MONEY_MARKET,4787.77,USD,ACTIVE,2026-05-01 18:05:01
5312,344,PNC-94492003,SAVINGS,389430.46,USD,ACTIVE,2026-08-31 02:15:08
5313,54,PNC-37592422,MONEY_MARKET,373193.78,USD,FROZEN,2026-08-19 08:29:45
5314,223,PNC-96779969,CHECKING,336480.54,USD,ACTIVE,2026-03-26 10:28:03
5315,236,PNC-54522084,CHECKING,40753.12,USD,ACTIVE,2026-04-25 09:16:27
5316,407,PNC-43810519,MONEY_MARKET,33093.28,USD,ACTIVE,2026-09-14 17:16:33
5317,133,PNC-64711545,TREASURY_RESERVE,203829.86,USD,ACTIVE,2026-06-13 21:48:49
5318,162,PNC-12267067,TREASURY_RESERVE,303474.48,USD,DORMANT,2026-03-22 23:15:42
5319,329,PNC-92993446,CHECKING,340548.33,USD,DORMANT,2026-03-30 15:53:41
5320,359,PNC-19742790,ESCROW,417729.42,USD,ACTIVE,2026-05-17 02:30:26
5321,403,PNC-50446607,MONEY_MARKET,40297.59,USD,ACTIVE,2026-06-03 21:17:12
5322,203,PNC-98680762,CHECKING,214083.47,USD,DORMANT,2026-05-03 12:25:09
5323,70,PNC-62478133,MONEY_MARKET,133797.84,USD,FROZEN,2026-04-18 19:12:41
5324,153,PNC-96965116,ESCROW,430890.15,USD,ACTIVE,2026-07-07 07:22:49
5325,448,PNC-84500200,SAVINGS,56770.97,USD,ACTIVE,2026-07-11 00:49:58
5326,306,PNC-62892750,MONEY_MARKET,247065.16,USD,ACTIVE,2026-05-19 23:44:04
5327,108,PNC-56150987,SAVINGS,186575.54,USD,FROZEN,2026-09-03 03:51:24
5328,263,PNC-29120002,SAVINGS,84020.74,USD,DORMANT,2026-08-30 21:58:48
5329,130,PNC-36082023,CHECKING,82839.06,USD,DORMANT,2026-09-03 07:32:56
5330,28,PNC-83665549,TREASURY_RESERVE,290636.52,USD,ACTIVE,2026-05-17 06:18:37
5331,344,PNC-19041276,ESCROW,45543.78,USD,FROZEN,2026-07-12 13:32:33
5332,250,PNC-54406060,ESCROW,59004.49,USD,FROZEN,2026-05-06 08:46:23
5333,52,PNC-48270459,MONEY_MARKET,32809.28,USD,ACTIVE,2026-05-22 12:45:38
5334,249,PNC-70484679,ESCROW,277929.58,USD,ACTIVE,2026-08-03 11:31:11
5335,300,PNC-30454105,MONEY_MARKET,255737.56,USD,ACTIVE,2026-06-12 23:49:40
5336,87,PNC-10648524,ESCROW,111909.55,USD,ACTIVE,2026-08-07 02:51:33
5337,379,PNC-96011893,TREASURY_RESERVE,125590.91,USD,ACTIVE,2026-04-16 21:40:52
5338,348,PNC-54501625,TREASURY_RESERVE,209087.5,USD,ACTIVE,2026-08-19 06:26:47
5339,157,PNC-75360192,MONEY_MARKET,50311.44,USD,FROZEN,2026-07-17 14:51:38
5340,42,PNC-47663633,SAVINGS,401246.72,USD,ACTIVE,2026-05-11 22:31:59
5341,376,PNC-94103363,CHECKING,327750.28,USD,ACTIVE,2026-09-02 19:08:04
5342,260,PNC-94775473,CHECKING,365970.12,USD,DORMANT,2026-06-08 11:50:03
5343,394,PNC-89193333,SAVINGS,407977.15,USD,DORMANT,2026-05-11 10:19:51
5344,279,PNC-82434236,TREASURY_RESERVE,294777.8,USD,ACTIVE,2026-05-31 20:36:33
5345,201,PNC-39971710,MONEY_MARKET,330352.23,USD,ACTIVE,2026-04-16 19:42:09
5346,238,PNC-77259613,MONEY_MARKET,42113.48,USD,ACTIVE,2026-06-27 08:02:23
5347,6,PNC-98943201,SAVINGS,381819.86,USD,DORMANT,2026-08-01 16:11:42
5348,85,PNC-79006257,SAVINGS,201629.87,USD,ACTIVE,2026-07-09 19:11:12
5349,486,PNC-85942072,SAVINGS,331560.03,USD,ACTIVE,2026-05-30 11:52:45
5350,21,PNC-39369404,TREASURY_RESERVE,105439.83,USD,ACTIVE,2026-06-01 13:27:48
5351,120,PNC-15745651,SAVINGS,233771.53,USD,ACTIVE,2026-06-05 04:24:56
5352,241,PNC-71021210,CHECKING,19397.26,USD,FROZEN,2026-05-23 18:03:06
5353,53,PNC-79977486,ESCROW,375940.21,USD,ACTIVE,2026-07-12 04:23:19
5354,279,PNC-86525600,SAVINGS,170431.82,USD,ACTIVE,2026-05-31 18:10:37
5355,301,PNC-97689346,CHECKING,233223.31,USD,ACTIVE,2026-09-13 23:49:37
5356,115,PNC-79306247,TREASURY_RESERVE,159774.76,USD,ACTIVE,2026-06-24 08:42:36
5357,406,PNC-74707720,MONEY_MARKET,4459.06,USD,ACTIVE,2026-06-15 05:50:50
5358,85,PNC-40868838,CHECKING,232271.76,USD,ACTIVE,2026-05-01 21:30:43
5359,77,PNC-35086055,SAVINGS,163956.99,USD,FROZEN,2026-08-27 11:03:26
5360,61,PNC-98732634,SAVINGS,187454.24,USD,ACTIVE,2026-08-08 16:24:19
5361,59,PNC-74628070,TREASURY_RESERVE,216340.99,USD,DORMANT,2026-04-22 03:13:58
5362,332,PNC-65149958,CHECKING,110786.13,USD,ACTIVE,2026-07-11 04:24:42
5363,304,PNC-31626387,SAVINGS,283848.88,USD,ACTIVE,2026-09-10 19:11:19
5364,294,PNC-29711900,CHECKING,76104.1,USD,ACTIVE,2026-06-30 03:29:27
5365,491,PNC-64419425,MONEY_MARKET,436205.79,USD,FROZEN,2026-03-25 10:32:47
5366,450,PNC-98817918,ESCROW,426343.36,USD,ACTIVE,2026-06-17 01:12:36
5367,311,PNC-73272042,TREASURY_RESERVE,77999.2,USD,ACTIVE,2026-07-16 11:52:55
5368,74,PNC-88201440,SAVINGS,281010.46,USD,DORMANT,2026-05-12 04:31:35
5369,86,PNC-55992559,TREASURY_RESERVE,269045.21,USD,ACTIVE,2026-05-05 10:46:50
5370,194,PNC-61735818,SAVINGS,50193.7,USD,ACTIVE,2026-07-01 07:46:56
5371,441,PNC-77693989,TREASURY_RESERVE,372191.61,USD,DORMANT,2026-04-09 12:33:17
5372,91,PNC-73870080,MONEY_MARKET,270516.49,USD,DORMANT,2026-06-27 13:27:17
5373,386,PNC-25772785,CHECKING,217785.06,USD,ACTIVE,2026-09-12 23:19:28
5374,309,PNC-82381739,CHECKING,403790.58,USD,FROZEN,2026-07-25 21:24:36
5375,221,PNC-80067590,TREASURY_RESERVE,167614.29,USD,ACTIVE,2026-08-04 07:01:19
5376,272,PNC-67573535,SAVINGS,422382.1,USD,ACTIVE,2026-08-22 03:21:59
5377,394,PNC-61168696,ESCROW,265688.07,USD,FROZEN,2026-09-14 02:41:59
5378,390,PNC-87325627,CHECKING,192331.99,USD,ACTIVE,2026-06-22 11:24:36
5379,393,PNC-41207351,CHECKING,128545.1,USD,DORMANT,2026-06-09 04:12:09
5380,132,PNC-35369971,CHECKING,319553.25,USD,ACTIVE,2026-07-12 01:23:10
5381,268,PNC-25814687,MONEY_MARKET,4726.53,USD,FROZEN,2026-04-30 17:05:28
5382,353,PNC-52399610,TREASURY_RESERVE,163978.0,USD,ACTIVE,2026-06-12 13:24:30
5383,334,PNC-88567056,ESCROW,118694.35,USD,DORMANT,2026-06-12 01:42:38
5384,290,PNC-59075919,MONEY_MARKET,125088.9,USD,FROZEN,2026-06-07 00:02:29
5385,387,PNC-37339300,TREASURY_RESERVE,249119.07,USD,DORMANT,2026-06-23 12:14:00
5386,92,PNC-59689143,MONEY_MARKET,250377.74,USD,ACTIVE,2026-05-20 08:52:40
5387,296,PNC-56218720,TREASURY_RESERVE,331498.42,USD,FROZEN,2026-04-13 22:45:02
5388,383,PNC-40839382,TREASURY_RESERVE,352724.5,USD,ACTIVE,2026-04-10 07:06:11
5389,110,PNC-78228715,TREASURY_RESERVE,354057.38,USD,DORMANT,2026-07-19 01:20:11
5390,357,PNC-16986408,SAVINGS,176013.0,USD,FROZEN,2026-03-22 20:25:37
5391,412,PNC-22225702,SAVINGS,213043.39,USD,DORMANT,2026-06-14 08:46:36
5392,46,PNC-18600733,ESCROW,100963.95,USD,ACTIVE,2026-07-18 02:03:03
5393,20,PNC-61583363,TREASURY_RESERVE,276863.57,USD,DORMANT,2026-05-16 10:48:51
5394,365,PNC-90191410,CHECKING,425653.56,USD,ACTIVE,2026-07-24 03:44:40
5395,254,PNC-68917831,CHECKING,91965.7,USD,FROZEN,2026-08-24 22:15:45
5396,266,PNC-48387144,SAVINGS,16573.79,USD,DORMANT,2026-06-28 23:05:46
5397,265,PNC-41094351,MONEY_MARKET,77513.08,USD,ACTIVE,2026-05-30 16:16:50
5398,123,PNC-97915178,CHECKING,439077.19,USD,ACTIVE,2026-05-14 09:43:47
5399,400,PNC-63611082,ESCROW,301843.43,USD,ACTIVE,2026-07-13 15:06:08
5400,103,PNC-79490249,CHECKING,332011.1,USD,ACTIVE,2026-09-16 07:26:53
5401,47,PNC-83765077,ESCROW,327173.21,USD,DORMANT,2026-09-15 12:01:18
5402,299,PNC-56720553,ESCROW,433534.52,USD,ACTIVE,2026-05-04 18:23:03
5403,311,PNC-36108729,TREASURY_RESERVE,418476.66,USD,DORMANT,2026-03-22 17:26:53
5404,134,PNC-33492771,TREASURY_RESERVE,228547.79,USD,DORMANT,2026-04-04 21:06:50
5405,258,PNC-49493811,ESCROW,426236.44,USD,DORMANT,2026-05-10 20:42:32
5406,449,PNC-82196170,MONEY_MARKET,113688.46,USD,ACTIVE,2026-06-03 01:05:32
5407,289,PNC-74911705,SAVINGS,341226.77,USD,ACTIVE,2026-08-01 04:13:56
5408,236,PNC-88762521,CHECKING,217663.62,USD,ACTIVE,2026-04-03 22:35:47
5409,196,PNC-95048646,SAVINGS,305095.47,USD,ACTIVE,2026-08-24 04:47:35
5410,162,PNC-65354876,ESCROW,233152.14,USD,ACTIVE,2026-08-04 21:49:19
5411,427,PNC-45346197,SAVINGS,130349.38,USD,ACTIVE,2026-07-30 15:25:50
5412,384,PNC-55901507,CHECKING,250216.35,USD,ACTIVE,2026-06-22 08:40:48
5413,161,PNC-57451057,SAVINGS,402600.84,USD,ACTIVE,2026-04-26 07:36:29
5414,485,PNC-35523849,TREASURY_RESERVE,332094.84,USD,ACTIVE,2026-08-11 15:07:07
5415,124,PNC-45622106,SAVINGS,104299.58,USD,ACTIVE,2026-08-31 05:22:23
5416,317,PNC-57785185,SAVINGS,350853.91,USD,ACTIVE,2026-09-16 12:09:30
5417,41,PNC-99043272,TREASURY_RESERVE,276801.4,USD,DORMANT,2026-03-30 00:43:52
5418,435,PNC-74732147,ESCROW,279869.36,USD,ACTIVE,2026-09-12 05:19:08
5419,452,PNC-87110685,ESCROW,221626.2,USD,DORMANT,2026-05-15 05:54:28
5420,204,PNC-39808788,MONEY_MARKET,59018.31,USD,DORMANT,2026-08-24 00:38:19
5421,217,PNC-74199033,MONEY_MARKET,16104.35,USD,ACTIVE,2026-06-06 06:37:28
5422,441,PNC-33461307,TREASURY_RESERVE,439463.48,USD,FROZEN,2026-06-30 10:46:54
5423,236,PNC-52365995,CHECKING,6801.26,USD,ACTIVE,2026-06-03 12:02:00
5424,298,PNC-23522144,ESCROW,163678.64,USD,ACTIVE,2026-04-27 03:57:51
5425,281,PNC-45279000,SAVINGS,122329.59,USD,DORMANT,2026-05-27 10:42:58
5426,188,PNC-34684475,TREASURY_RESERVE,191638.38,USD,ACTIVE,2026-08-04 21:19:42
5427,386,PNC-59970552,ESCROW,384665.25,USD,ACTIVE,2026-06-17 08:19:12
5428,93,PNC-86693314,SAVINGS,440703.69,USD,FROZEN,2026-05-05 04:58:08
5429,417,PNC-23404289,ESCROW,362133.28,USD,DORMANT,2026-06-13 18:03:22
5430,439,PNC-61121302,SAVINGS,66910.92,USD,FROZEN,2026-04-19 20:42:55
5431,243,PNC-11307588,SAVINGS,190552.02,USD,ACTIVE,2026-09-11 06:42:45
5432,435,PNC-94644676,MONEY_MARKET,240991.19,USD,ACTIVE,2026-08-21 07:41:15
5433,250,PNC-50269906,ESCROW,253619.1,USD,DORMANT,2026-03-31 02:06:44
5434,204,PNC-23284172,SAVINGS,28426.32,USD,ACTIVE,2026-06-22 08:36:19
5435,430,PNC-94538675,CHECKING,203259.89,USD,ACTIVE,2026-05-11 06:22:57
5436,185,PNC-58359530,MONEY_MARKET,251534.93,USD,ACTIVE,2026-05-27 15:34:50
5437,11,PNC-65265613,CHECKING,158964.08,USD,FROZEN,2026-07-17 09:57:34
5438,102,PNC-87424000,MONEY_MARKET,292964.67,USD,DORMANT,2026-04-24 17:10:50
5439,400,PNC-48199537,ESCROW,147302.99,USD,DORMANT,2026-06-24 11:39:22
5440,397,PNC-69985944,CHECKING,172410.34,USD,ACTIVE,2026-06-19 21:00:43
5441,324,PNC-29441214,SAVINGS,288800.42,USD,ACTIVE,2026-06-11 17:34:41
5442,324,PNC-92182875,MONEY_MARKET,183040.56,USD,ACTIVE,2026-04-06 04:27:32
5443,83,PNC-56120632,SAVINGS,142096.71,USD,FROZEN,2026-05-17 09:35:23
5444,364,PNC-45899536,MONEY_MARKET,290622.97,USD,ACTIVE,2026-09-10 04:42:52
5445,228,PNC-58743159,MONEY_MARKET,235139.66,USD,ACTIVE,2026-06-10 05:05:58
5446,86,PNC-34680787,CHECKING,57580.4,USD,ACTIVE,2026-07-28 09:01:10
5447,129,PNC-20746107,SAVINGS,76359.34,USD,ACTIVE,2026-04-09 09:05:00
5448,33,PNC-73509922,MONEY_MARKET,25640.71,USD,ACTIVE,2026-07-01 13:42:27
5449,392,PNC-21173787,CHECKING,119209.84,USD,ACTIVE,2026-04-07 04:41:23
5450,336,PNC-62324272,ESCROW,104366.15,USD,FROZEN,2026-05-16 00:07:25
5451,227,PNC-94084814,SAVINGS,60377.78,USD,ACTIVE,2026-03-27 08:55:21
5452,18,PNC-99060057,ESCROW,387375.41,USD,ACTIVE,2026-09-05 15:25:35
5453,244,PNC-72705646,MONEY_MARKET,420783.62,USD,DORMANT,2026-06-16 04:53:54
5454,70,PNC-82381952,SAVINGS,266487.67,USD,ACTIVE,2026-07-22 08:39:55
5455,384,PNC-95342494,MONEY_MARKET,196587.35,USD,FROZEN,2026-07-24 00:11:18
5456,274,PNC-51562039,ESCROW,217520.78,USD,ACTIVE,2026-08-25 01:58:51
5457,46,PNC-69305486,ESCROW,165553.82,USD,ACTIVE,2026-04-21 01:28:01
5458,156,PNC-11416778,CHECKING,236207.33,USD,ACTIVE,2026-05-27 14:23:26
5459,147,PNC-72974683,MONEY_MARKET,5230.22,USD,ACTIVE,2026-08-15 12:31:43
5460,245,PNC-50213043,CHECKING,344992.34,USD,ACTIVE,2026-07-15 18:00:35
5461,119,PNC-10968781,MONEY_MARKET,169079.28,USD,ACTIVE,2026-09-09 02:56:38
5462,288,PNC-68667423,TREASURY_RESERVE,113578.41,USD,FROZEN,2026-08-11 22:59:20
5463,331,PNC-62307771,TREASURY_RESERVE,100435.7,USD,ACTIVE,2026-06-11 19:32:56
5464,321,PNC-42153442,MONEY_MARKET,344395.42,USD,DORMANT,2026-08-25 15:20:34
5465,356,PNC-46489118,ESCROW,292332.98,USD,DORMANT,2026-08-25 21:05:32
5466,138,PNC-65419020,SAVINGS,384286.69,USD,ACTIVE,2026-04-17 08:29:05
5467,149,PNC-24811778,TREASURY_RESERVE,278551.64,USD,ACTIVE,2026-08-04 20:12:35
5468,319,PNC-76034587,SAVINGS,145308.71,USD,ACTIVE,2026-03-31 11:04:22
5469,497,PNC-81802559,CHECKING,84893.01,USD,ACTIVE,2026-05-15 14:31:11
5470,138,PNC-26782477,TREASURY_RESERVE,327607.52,USD,ACTIVE,2026-04-08 08:07:09
5471,78,PNC-11976335,TREASURY_RESERVE,98908.86,USD,ACTIVE,2026-05-21 07:49:24
5472,403,PNC-76893545,ESCROW,209462.48,USD,ACTIVE,2026-05-24 22:50:27
5473,42,PNC-29607576,CHECKING,121026.85,USD,ACTIVE,2026-04-04 16:26:51
5474,279,PNC-73102032,SAVINGS,87698.24,USD,ACTIVE,2026-08-27 12:26:06
5475,196,PNC-11693222,CHECKING,438607.43,USD,FROZEN,2026-05-09 04:01:10
5476,198,PNC-69453211,SAVINGS,332322.13,USD,ACTIVE,2026-04-29 12:00:58
5477,236,PNC-22611138,MONEY_MARKET,300204.54,USD,ACTIVE,2026-06-21 15:17:51
5478,200,PNC-51890609,ESCROW,72637.23,USD,FROZEN,2026-03-30 00:22:17
5479,382,PNC-83763371,MONEY_MARKET,56280.47,USD,ACTIVE,2026-07-23 19:29:23
5480,153,PNC-36672234,ESCROW,399552.53,USD,FROZEN,2026-05-03 02:44:15
5481,499,PNC-25157001,SAVINGS,285359.67,USD,ACTIVE,2026-03-24 17:59:29
5482,86,PNC-47057520,MONEY_MARKET,55162.84,USD,ACTIVE,2026-03-23 13:23:13
5483,497,PNC-15636254,MONEY_MARKET,352888.65,USD,ACTIVE,2026-08-02 11:58:40
5484,306,PNC-30802666,ESCROW,347202.45,USD,ACTIVE,2026-04-21 10:41:56
5485,256,PNC-22267708,MONEY_MARKET,153282.31,USD,FROZEN,2026-04-02 11:38:06
5486,31,PNC-57716774,SAVINGS,316045.67,USD,ACTIVE,2026-04-15 06:10:09
5487,250,PNC-41229060,ESCROW,441781.56,USD,FROZEN,2026-08-15 18:14:12
5488,178,PNC-68883853,SAVINGS,11076.75,USD,ACTIVE,2026-05-30 08:57:08
5489,371,PNC-28083446,ESCROW,404550.38,USD,ACTIVE,2026-08-06 00:53:11
5490,225,PNC-85031037,ESCROW,244916.23,USD,ACTIVE,2026-04-27 16:11:25
5491,291,PNC-35048615,MONEY_MARKET,157427.61,USD,FROZEN,2026-06-20 18:38:54
5492,141,PNC-90353461,MONEY_MARKET,73414.02,USD,DORMANT,2026-04-20 22:14:30
5493,231,PNC-49684512,ESCROW,244410.27,USD,ACTIVE,2026-03-21 23:07:31
5494,398,PNC-95634408,MONEY_MARKET,171501.04,USD,ACTIVE,2026-09-09 06:32:02
5495,10,PNC-93179370,ESCROW,349543.43,USD,ACTIVE,2026-05-23 02:18:49
5496,370,PNC-18501586,MONEY_MARKET,368843.81,USD,ACTIVE,2026-07-01 14:06:46
5497,350,PNC-76779917,MONEY_MARKET,70627.98,USD,ACTIVE,2026-05-23 11:11:45
5498,210,PNC-96020669,ESCROW,51043.16,USD,DORMANT,2026-07-27 18:25:32
5499,35,PNC-15875684,SAVINGS,81619.5,USD,ACTIVE,2026-04-30 01:31:38
5500,55,PNC-75145297,SAVINGS,45790.98,USD,DORMANT,2026-07-24 10:33:01
5501,429,PNC-62156850,TREASURY_RESERVE,237330.88,USD,FROZEN,2026-07-14 10:46:20
5502,132,PNC-16588161,ESCROW,100494.17,USD,FROZEN,2026-04-04 14:04:02
5503,7,PNC-38016352,TREASURY_RESERVE,417889.07,USD,ACTIVE,2026-06-20 17:05:04
5504,411,PNC-95753950,CHECKING,163375.33,USD,FROZEN,2026-09-10 17:28:41
5505,213,PNC-59535555,CHECKING,370903.87,USD,ACTIVE,2026-07-02 13:11:11
5506,21,PNC-19447334,ESCROW,36454.02,USD,ACTIVE,2026-06-30 16:44:51
5507,50,PNC-23586205,SAVINGS,239949.98,USD,ACTIVE,2026-04-28 07:46:21
5508,270,PNC-98164473,SAVINGS,257157.41,USD,ACTIVE,2026-07-08 06:12:46
5509,384,PNC-84912498,TREASURY_RESERVE,336129.61,USD,FROZEN,2026-07-11 18:45:08
5510,184,PNC-71568435,TREASURY_RESERVE,397446.57,USD,ACTIVE,2026-08-22 16:54:34
5511,93,PNC-83815115,TREASURY_RESERVE,227854.71,USD,FROZEN,2026-04-21 12:55:35
5512,274,PNC-90519326,TREASURY_RESERVE,420183.71,USD,ACTIVE,2026-07-06 15:20:08
5513,167,PNC-59891348,TREASURY_RESERVE,344236.69,USD,ACTIVE,2026-08-29 05:55:55
5514,372,PNC-53412847,MONEY_MARKET,109464.07,USD,DORMANT,2026-05-02 08:44:53
5515,193,PNC-83851788,ESCROW,162963.83,USD,ACTIVE,2026-06-16 17:16:15
5516,492,PNC-63296593,CHECKING,327251.51,USD,ACTIVE,2026-07-15 12:13:36
5517,9,PNC-79472352,SAVINGS,447045.29,USD,ACTIVE,2026-03-23 02:23:01
5518,154,PNC-39781129,SAVINGS,385290.61,USD,ACTIVE,2026-08-18 15:19:44
5519,421,PNC-47038339,MONEY_MARKET,230805.26,USD,DORMANT,2026-09-17 14:52:55
5520,293,PNC-30765467,CHECKING,18424.73,USD,ACTIVE,2026-04-21 03:16:57
5521,71,PNC-45566111,ESCROW,400496.97,USD,ACTIVE,2026-05-06 01:36:08
5522,132,PNC-50305910,CHECKING,257363.49,USD,DORMANT,2026-09-16 01:24:36
5523,112,PNC-20361818,ESCROW,357117.53,USD,ACTIVE,2026-06-24 15:18:13
5524,423,PNC-87340611,CHECKING,268461.19,USD,ACTIVE,2026-03-29 01:56:06
5525,375,PNC-87347488,TREASURY_RESERVE,36697.11,USD,ACTIVE,2026-09-16 20:00:12
5526,395,PNC-54881018,ESCROW,396086.94,USD,ACTIVE,2026-06-10 16:54:09
5527,477,PNC-26178675,SAVINGS,336833.88,USD,DORMANT,2026-03-24 01:03:32
5528,325,PNC-94851591,TREASURY_RESERVE,25776.39,USD,DORMANT,2026-03-29 19:41:38
5529,164,PNC-82468141,MONEY_MARKET,68586.64,USD,DORMANT,2026-08-04 07:36:30
5530,114,PNC-30561818,CHECKING,303625.41,USD,ACTIVE,2026-06-16 08:29:34
5531,386,PNC-89877290,MONEY_MARKET,227871.11,USD,ACTIVE,2026-06-13 16:44:13
5532,149,PNC-62925057,SAVINGS,60786.79,USD,ACTIVE,2026-06-22 05:24:51
5533,293,PNC-16618423,MONEY_MARKET,180537.3,USD,ACTIVE,2026-06-07 05:02:29
5534,257,PNC-68316409,SAVINGS,343271.76,USD,ACTIVE,2026-07-08 10:16:47
5535,102,PNC-75479608,TREASURY_RESERVE,294033.42,USD,ACTIVE,2026-07-08 19:00:05
5536,316,PNC-80363346,SAVINGS,110178.32,USD,ACTIVE,2026-08-19 15:47:24
5537,221,PNC-53407575,MONEY_MARKET,41683.2,USD,FROZEN,2026-06-10 03:12:10
5538,217,PNC-59025393,ESCROW,86934.65,USD,ACTIVE,2026-07-15 03:26:20
5539,336,PNC-13248985,ESCROW,77410.99,USD,ACTIVE,2026-07-19 11:34:07
5540,421,PNC-69352435,MONEY_MARKET,66899.59,USD,ACTIVE,2026-09-17 06:54:59
5541,419,PNC-41338443,SAVINGS,308883.61,USD,ACTIVE,2026-08-15 23:03:58
5542,373,PNC-21517819,CHECKING,333202.36,USD,ACTIVE,2026-07-20 09:51:07
5543,475,PNC-29820881,ESCROW,7659.38,USD,FROZEN,2026-08-24 23:59:27
5544,57,PNC-50952251,TREASURY_RESERVE,212828.85,USD,ACTIVE,2026-05-01 09:49:33
5545,379,PNC-82209870,SAVINGS,92904.91,USD,DORMANT,2026-08-14 12:40:45
5546,133,PNC-83658696,TREASURY_RESERVE,280934.33,USD,ACTIVE,2026-08-03 19:02:13
5547,358,PNC-99692417,CHECKING,170408.09,USD,FROZEN,2026-07-02 02:49:57
5548,23,PNC-44286770,SAVINGS,28459.36,USD,ACTIVE,2026-08-22 01:39:20
5549,357,PNC-92941828,ESCROW,25308.73,USD,FROZEN,2026-03-23 10:36:39
5550,35,PNC-62163068,ESCROW,298847.26,USD,FROZEN,2026-05-30 18:30:49
5551,443,PNC-24480943,CHECKING,132684.27,USD,FROZEN,2026-06-04 21:05:58
5552,119,PNC-61096850,MONEY_MARKET,439510.46,USD,ACTIVE,2026-09-13 08:07:11
5553,162,PNC-75050252,MONEY_MARKET,239904.95,USD,ACTIVE,2026-04-29 10:35:47
5554,257,PNC-71469875,MONEY_MARKET,416967.96,USD,ACTIVE,2026-03-29 13:01:49
5555,127,PNC-81056927,ESCROW,151105.98,USD,ACTIVE,2026-08-13 08:52:58
5556,81,PNC-12465878,ESCROW,308413.64,USD,ACTIVE,2026-07-21 05:33:30
5557,155,PNC-41702866,MONEY_MARKET,125231.41,USD,ACTIVE,2026-07-21 08:10:28
5558,132,PNC-61965156,CHECKING,424945.31,USD,ACTIVE,2026-05-04 15:03:44
5559,78,PNC-55873760,TREASURY_RESERVE,296133.89,USD,ACTIVE,2026-08-10 13:18:11
5560,196,PNC-79889565,MONEY_MARKET,392906.61,USD,FROZEN,2026-05-04 23:39:43
5561,214,PNC-42260681,MONEY_MARKET,70008.0,USD,ACTIVE,2026-09-14 11:26:42
5562,310,PNC-54195849,TREASURY_RESERVE,244691.84,USD,ACTIVE,2026-07-26 12:30:49
5563,71,PNC-87984620,MONEY_MARKET,308295.81,USD,ACTIVE,2026-09-05 07:43:14
5564,71,PNC-51473062,MONEY_MARKET,409438.88,USD,ACTIVE,2026-09-14 08:01:39
5565,500,PNC-29482024,MONEY_MARKET,412824.79,USD,ACTIVE,2026-04-03 23:48:25
5566,286,PNC-81532887,CHECKING,84084.64,USD,ACTIVE,2026-08-10 00:12:25
5567,16,PNC-52773504,TREASURY_RESERVE,432596.49,USD,ACTIVE,2026-06-15 20:19:16
5568,382,PNC-95476210,ESCROW,69652.74,USD,ACTIVE,2026-04-11 13:21:42
5569,68,PNC-34796255,CHECKING,343457.7,USD,DORMANT,2026-07-19 14:56:59
5570,137,PNC-91282861,MONEY_MARKET,276144.37,USD,DORMANT,2026-05-05 21:49:11
5571,119,PNC-13501001,ESCROW,37144.73,USD,ACTIVE,2026-04-16 20:39:35
5572,258,PNC-91163038,TREASURY_RESERVE,320840.58,USD,ACTIVE,2026-04-26 13:09:48
5573,437,PNC-62004039,TREASURY_RESERVE,214020.34,USD,ACTIVE,2026-04-28 08:25:36
5574,116,PNC-14325777,TREASURY_RESERVE,344395.68,USD,ACTIVE,2026-09-17 12:36:39
5575,139,PNC-65437830,SAVINGS,334451.45,USD,ACTIVE,2026-08-15 23:15:56
5576,105,PNC-18876667,SAVINGS,417305.79,USD,ACTIVE,2026-09-06 04:53:05
5577,316,PNC-75759022,ESCROW,390248.54,USD,ACTIVE,2026-06-12 20:19:29
5578,208,PNC-15613827,MONEY_MARKET,331296.3,USD,ACTIVE,2026-08-08 16:09:01
5579,161,PNC-62902012,MONEY_MARKET,422703.9,USD,DORMANT,2026-07-15 03:06:23
5580,275,PNC-80495248,CHECKING,235011.12,USD,ACTIVE,2026-06-18 13:04:52
5581,424,PNC-15692967,SAVINGS,234138.14,USD,ACTIVE,2026-08-11 13:54:42
5582,21,PNC-84853354,TREASURY_RESERVE,232982.82,USD,FROZEN,2026-03-31 09:30:15
5583,98,PNC-49081432,TREASURY_RESERVE,180020.89,USD,ACTIVE,2026-08-19 01:22:01
5584,424,PNC-48374806,TREASURY_RESERVE,76169.24,USD,ACTIVE,2026-07-18 21:11:01
5585,471,PNC-17321129,MONEY_MARKET,406798.53,USD,ACTIVE,2026-08-29 23:21:17
5586,331,PNC-70625891,CHECKING,325607.09,USD,ACTIVE,2026-04-25 17:33:58
5587,399,PNC-88577462,MONEY_MARKET,62185.04,USD,ACTIVE,2026-05-23 15:12:28
5588,231,PNC-13343647,SAVINGS,204975.81,USD,FROZEN,2026-09-11 18:28:39
5589,104,PNC-71026547,CHECKING,113661.91,USD,FROZEN,2026-07-25 18:21:21
5590,465,PNC-32010905,CHECKING,42399.27,USD,FROZEN,2026-06-17 02:07:09
5591,325,PNC-58713437,CHECKING,236432.06,USD,ACTIVE,2026-08-09 23:14:54
5592,406,PNC-78674708,MONEY_MARKET,427464.62,USD,ACTIVE,2026-07-06 16:34:06
5593,195,PNC-15892974,SAVINGS,410645.37,USD,DORMANT,2026-09-07 00:20:53
5594,338,PNC-30144703,SAVINGS,391165.11,USD,ACTIVE,2026-08-18 04:18:04
5595,365,PNC-16886777,TREASURY_RESERVE,139665.9,USD,FROZEN,2026-08-18 01:50:53
5596,493,PNC-69895766,ESCROW,282464.1,USD,ACTIVE,2026-09-12 07:16:46
5597,68,PNC-37226295,CHECKING,280718.31,USD,ACTIVE,2026-03-24 04:39:47
5598,235,PNC-76790446,TREASURY_RESERVE,245260.27,USD,ACTIVE,2026-07-17 21:10:52
5599,452,PNC-76231992,SAVINGS,98767.92,USD,FROZEN,2026-06-22 04:44:57
5600,233,PNC-65049584,TREASURY_RESERVE,37113.11,USD,DORMANT,2026-03-23 02:24:12
5601,126,PNC-83462947,ESCROW,279465.07,USD,DORMANT,2026-08-28 01:48:48
5602,423,PNC-37868647,CHECKING,84400.73,USD,ACTIVE,2026-07-26 16:15:42
5603,179,PNC-14928616,SAVINGS,384442.44,USD,FROZEN,2026-07-12 01:52:41
5604,430,PNC-90971604,ESCROW,150003.32,USD,ACTIVE,2026-03-31 08:16:24
5605,56,PNC-65963010,SAVINGS,73858.85,USD,ACTIVE,2026-07-18 11:39:19
5606,339,PNC-89855385,MONEY_MARKET,354607.45,USD,ACTIVE,2026-06-18 05:47:56
5607,384,PNC-87707540,ESCROW,419268.7,USD,ACTIVE,2026-08-18 01:17:46
5608,154,PNC-53328415,ESCROW,404042.1,USD,ACTIVE,2026-08-16 02:22:00
5609,219,PNC-83882978,CHECKING,132835.47,USD,ACTIVE,2026-04-14 12:26:25
5610,356,PNC-46831833,ESCROW,237883.15,USD,DORMANT,2026-05-01 13:43:16
5611,357,PNC-38058347,MONEY_MARKET,27595.79,USD,DORMANT,2026-08-10 12:33:07
5612,323,PNC-80994013,CHECKING,218422.85,USD,FROZEN,2026-07-17 06:14:26
5613,479,PNC-48545627,TREASURY_RESERVE,274566.81,USD,ACTIVE,2026-05-11 05:52:27
5614,270,PNC-87194344,MONEY_MARKET,160203.22,USD,ACTIVE,2026-07-19 02:34:10
5615,289,PNC-76625267,MONEY_MARKET,328539.36,USD,ACTIVE,2026-06-25 11:00:28
5616,414,PNC-34146739,MONEY_MARKET,105875.66,USD,ACTIVE,2026-04-28 09:48:16
5617,1,PNC-25865493,CHECKING,210001.21,USD,ACTIVE,2026-08-12 00:37:21
5618,435,PNC-37827473,MONEY_MARKET,449545.67,USD,ACTIVE,2026-03-30 15:46:47
5619,171,PNC-56929234,MONEY_MARKET,363010.52,USD,ACTIVE,2026-03-24 00:25:11
5620,328,PNC-37002880,ESCROW,115606.26,USD,ACTIVE,2026-05-20 14:05:41
5621,154,PNC-78006730,MONEY_MARKET,146779.84,USD,ACTIVE,2026-04-12 22:17:18
5622,352,PNC-54732472,ESCROW,179128.12,USD,DORMANT,2026-07-19 10:30:28
5623,492,PNC-13908068,SAVINGS,88515.99,USD,ACTIVE,2026-09-16 21:54:21
5624,345,PNC-74304823,TREASURY_RESERVE,359068.59,USD,FROZEN,2026-04-17 04:25:47
5625,247,PNC-30855594,TREASURY_RESERVE,401588.16,USD,DORMANT,2026-09-11 19:06:02
5626,172,PNC-72071682,TREASURY_RESERVE,417613.8,USD,ACTIVE,2026-08-30 23:38:44
5627,267,PNC-50177237,MONEY_MARKET,326646.42,USD,ACTIVE,2026-07-07 15:05:02
5628,275,PNC-12512345,SAVINGS,260462.84,USD,ACTIVE,2026-08-24 01:52:31
5629,470,PNC-57458790,CHECKING,436371.56,USD,ACTIVE,2026-09-01 01:53:57
5630,16,PNC-55520266,TREASURY_RESERVE,282490.12,USD,ACTIVE,2026-07-10 16:44:17
5631,311,PNC-62286700,SAVINGS,268443.55,USD,ACTIVE,2026-08-05 18:32:58
5632,440,PNC-52211394,CHECKING,123266.59,USD,ACTIVE,2026-06-26 08:12:44
5633,450,PNC-41895802,ESCROW,204179.99,USD,ACTIVE,2026-05-02 19:03:20
5634,269,PNC-50576475,SAVINGS,51835.73,USD,ACTIVE,2026-08-19 20:32:12
5635,104,PNC-22429114,TREASURY_RESERVE,228438.62,USD,ACTIVE,2026-09-13 13:10:13
5636,257,PNC-30679969,SAVINGS,154041.98,USD,ACTIVE,2026-08-11 01:11:36
5637,448,PNC-80280155,ESCROW,349326.64,USD,ACTIVE,2026-08-18 05:48:50
5638,447,PNC-23187101,MONEY_MARKET,305007.7,USD,ACTIVE,2026-04-30 16:00:43
5639,371,PNC-14905998,TREASURY_RESERVE,175333.31,USD,DORMANT,2026-04-13 07:36:20
5640,3,PNC-51739205,CHECKING,309642.97,USD,DORMANT,2026-09-07 03:00:11
5641,45,PNC-54733393,TREASURY_RESERVE,400299.87,USD,ACTIVE,2026-06-30 21:50:19
5642,393,PNC-98447373,ESCROW,11582.4,USD,ACTIVE,2026-07-23 21:01:53
5643,457,PNC-38165011,ESCROW,91449.15,USD,ACTIVE,2026-05-14 13:03:04
5644,273,PNC-52835559,TREASURY_RESERVE,302499.13,USD,ACTIVE,2026-04-19 19:39:21
5645,81,PNC-46726921,CHECKING,8342.64,USD,DORMANT,2026-07-08 11:48:57
5646,264,PNC-23740579,SAVINGS,244824.13,USD,DORMANT,2026-05-22 16:01:05
5647,139,PNC-28999435,ESCROW,258976.2,USD,ACTIVE,2026-04-04 15:47:12
5648,160,PNC-92310750,ESCROW,243948.83,USD,ACTIVE,2026-04-16 01:57:34
5649,15,PNC-73181059,CHECKING,49008.22,USD,ACTIVE,2026-04-07 13:07:01
5650,219,PNC-62602177,SAVINGS,317547.9,USD,DORMANT,2026-07-22 01:19:00
5651,429,PNC-69839130,MONEY_MARKET,160997.5,USD,ACTIVE,2026-08-27 13:19:35
5652,102,PNC-81603135,CHECKING,438196.33,USD,ACTIVE,2026-07-10 01:51:38
5653,68,PNC-22470997,TREASURY_RESERVE,45122.45,USD,ACTIVE,2026-08-01 17:40:09
5654,330,PNC-72464469,TREASURY_RESERVE,105414.85,USD,ACTIVE,2026-04-18 17:33:44
5655,441,PNC-92804565,ESCROW,410918.43,USD,ACTIVE,2026-04-26 10:15:29
5656,359,PNC-99279031,ESCROW,355267.25,USD,ACTIVE,2026-06-17 20:13:22
5657,250,PNC-14061983,CHECKING,214687.46,USD,ACTIVE,2026-06-22 18:27:04
5658,237,PNC-32924595,ESCROW,345921.77,USD,DORMANT,2026-07-11 09:57:56
5659,66,PNC-78175850,CHECKING,183450.16,USD,FROZEN,2026-08-23 12:55:52
5660,55,PNC-53737494,MONEY_MARKET,292778.96,USD,ACTIVE,2026-07-03 06:32:42
5661,237,PNC-63796676,MONEY_MARKET,186928.69,USD,DORMANT,2026-05-08 03:27:12
5662,281,PNC-31343341,TREASURY_RESERVE,173641.68,USD,ACTIVE,2026-05-01 06:13:51
5663,417,PNC-89318677,TREASURY_RESERVE,353264.82,USD,ACTIVE,2026-07-09 23:09:59
5664,404,PNC-55929418,MONEY_MARKET,312818.72,USD,ACTIVE,2026-07-28 11:46:03
5665,343,PNC-20454809,MONEY_MARKET,376781.56,USD,ACTIVE,2026-07-14 19:27:03
5666,306,PNC-72130518,ESCROW,250456.83,USD,ACTIVE,2026-04-25 00:48:04
5667,158,PNC-64464708,CHECKING,269819.24,USD,FROZEN,2026-08-26 21:35:48
5668,306,PNC-60856575,ESCROW,223191.37,USD,FROZEN,2026-04-02 18:17:55
5669,47,PNC-39207357,SAVINGS,399436.8,USD,FROZEN,2026-08-26 01:53:45
5670,1,PNC-29693143,SAVINGS,204659.03,USD,ACTIVE,2026-06-05 13:13:18
5671,316,PNC-87568641,TREASURY_RESERVE,89256.48,USD,FROZEN,2026-09-08 04:52:09
5672,163,PNC-50229795,MONEY_MARKET,357764.48,USD,FROZEN,2026-05-19 23:04:38
5673,471,PNC-68348074,ESCROW,445644.73,USD,DORMANT,2026-03-23 09:36:33
5674,314,PNC-78507933,TREASURY_RESERVE,381665.08,USD,ACTIVE,2026-04-02 22:37:30
5675,190,PNC-83670115,CHECKING,1878.23,USD,DORMANT,2026-08-28 04:45:30
5676,184,PNC-24723458,ESCROW,389757.32,USD,ACTIVE,2026-06-13 15:42:39
5677,360,PNC-89210454,TREASURY_RESERVE,281908.62,USD,FROZEN,2026-06-04 03:41:59
5678,208,PNC-61212793,TREASURY_RESERVE,245985.78,USD,FROZEN,2026-04-24 11:55:13
5679,244,PNC-28665507,SAVINGS,250606.58,USD,ACTIVE,2026-08-31 22:16:50
5680,214,PNC-30705405,ESCROW,448859.04,USD,FROZEN,2026-04-15 04:52:20
5681,69,PNC-11557295,CHECKING,292302.58,USD,ACTIVE,2026-08-08 21:27:19
5682,454,PNC-75323947,TREASURY_RESERVE,438776.3,USD,ACTIVE,2026-04-07 06:19:51
5683,71,PNC-96200382,TREASURY_RESERVE,387278.51,USD,FROZEN,2026-07-17 04:36:59
5684,477,PNC-67137046,MONEY_MARKET,82139.12,USD,DORMANT,2026-06-12 04:20:06
5685,283,PNC-70404120,TREASURY_RESERVE,160855.29,USD,ACTIVE,2026-06-12 07:21:04
5686,310,PNC-10997236,MONEY_MARKET,224923.4,USD,FROZEN,2026-05-06 19:06:20
5687,365,PNC-77340900,ESCROW,185760.76,USD,DORMANT,2026-07-11 17:46:02
5688,188,PNC-14491176,CHECKING,256315.09,USD,FROZEN,2026-06-01 09:28:17
5689,58,PNC-87882357,TREASURY_RESERVE,432839.38,USD,ACTIVE,2026-04-18 09:56:47
5690,374,PNC-80653292,ESCROW,210023.94,USD,ACTIVE,2026-07-01 10:47:24
5691,456,PNC-91882291,CHECKING,111486.24,USD,FROZEN,2026-08-12 20:16:43
5692,340,PNC-99753695,CHECKING,308307.2,USD,DORMANT,2026-08-23 19:10:41
5693,297,PNC-51943002,MONEY_MARKET,25169.26,USD,ACTIVE,2026-07-03 17:12:23
5694,399,PNC-11447323,TREASURY_RESERVE,205134.6,USD,ACTIVE,2026-07-11 06:38:34
5695,376,PNC-54495054,TREASURY_RESERVE,159782.17,USD,ACTIVE,2026-05-16 23:34:47
5696,86,PNC-14741407,MONEY_MARKET,337617.24,USD,FROZEN,2026-08-21 06:14:11
5697,289,PNC-44956086,CHECKING,283741.07,USD,DORMANT,2026-04-23 15:44:13
5698,294,PNC-16928303,ESCROW,364289.76,USD,DORMANT,2026-03-27 02:59:20
5699,147,PNC-75063411,CHECKING,58379.37,USD,ACTIVE,2026-09-03 03:47:35
5700,402,PNC-47292234,ESCROW,60943.64,USD,ACTIVE,2026-05-14 06:22:31
5701,440,PNC-44488013,CHECKING,334030.98,USD,DORMANT,2026-04-24 17:31:49
5702,466,PNC-89426041,SAVINGS,297131.3,USD,ACTIVE,2026-08-25 16:34:52
5703,90,PNC-45064728,SAVINGS,218985.95,USD,DORMANT,2026-09-05 05:02:57
5704,17,PNC-56016278,CHECKING,435354.52,USD,DORMANT,2026-08-28 09:16:52
5705,79,PNC-76565050,TREASURY_RESERVE,347009.95,USD,ACTIVE,2026-07-28 02:42:12
5706,226,PNC-95573823,SAVINGS,96069.25,USD,FROZEN,2026-09-01 06:59:49
5707,177,PNC-17291483,ESCROW,340334.54,USD,ACTIVE,2026-04-01 00:32:48
5708,86,PNC-72279029,TREASURY_RESERVE,215090.03,USD,ACTIVE,2026-08-13 17:05:03
5709,486,PNC-81473736,SAVINGS,171840.66,USD,FROZEN,2026-06-05 13:37:51
5710,243,PNC-45248951,SAVINGS,239403.3,USD,ACTIVE,2026-03-24 03:03:23
5711,148,PNC-70239684,TREASURY_RESERVE,305804.29,USD,DORMANT,2026-08-01 10:12:18
5712,490,PNC-15505291,CHECKING,413093.9,USD,FROZEN,2026-05-29 12:43:45
5713,490,PNC-67953319,MONEY_MARKET,413241.84,USD,ACTIVE,2026-05-25 20:49:55
5714,139,PNC-45847919,CHECKING,116021.75,USD,DORMANT,2026-06-05 18:40:46
5715,237,PNC-42453439,MONEY_MARKET,347068.03,USD,DORMANT,2026-05-26 08:11:58
5716,347,PNC-34148004,ESCROW,247104.23,USD,FROZEN,2026-03-23 11:16:21
5717,426,PNC-19120357,CHECKING,185945.07,USD,DORMANT,2026-04-11 00:00:49
5718,351,PNC-69853349,ESCROW,99908.22,USD,ACTIVE,2026-05-09 17:41:30
5719,99,PNC-14569008,CHECKING,279299.65,USD,ACTIVE,2026-07-15 04:39:26
5720,337,PNC-39101720,MONEY_MARKET,287680.17,USD,FROZEN,2026-04-14 02:54:16
5721,45,PNC-91159552,SAVINGS,170117.36,USD,FROZEN,2026-07-09 17:50:33
5722,412,PNC-34799223,CHECKING,313500.65,USD,ACTIVE,2026-05-18 00:33:36
5723,240,PNC-98647835,CHECKING,287993.06,USD,ACTIVE,2026-08-18 05:14:39
5724,219,PNC-99600963,ESCROW,116915.46,USD,ACTIVE,2026-05-14 16:01:26
5725,398,PNC-18373492,TREASURY_RESERVE,175782.81,USD,ACTIVE,2026-05-10 23:14:59
5726,490,PNC-45522715,SAVINGS,199097.81,USD,ACTIVE,2026-04-29 18:57:24
5727,313,PNC-62698503,SAVINGS,290999.2,USD,ACTIVE,2026-04-18 18:15:56
5728,277,PNC-67881875,SAVINGS,276863.88,USD,ACTIVE,2026-09-15 00:50:17
5729,227,PNC-44761889,CHECKING,17135.11,USD,ACTIVE,2026-07-10 18:25:46
5730,373,PNC-43634472,TREASURY_RESERVE,9916.01,USD,ACTIVE,2026-04-19 17:28:55
5731,335,PNC-95944345,CHECKING,419902.84,USD,FROZEN,2026-06-05 15:33:26
5732,137,PNC-30348410,ESCROW,407220.97,USD,DORMANT,2026-03-22 13:01:53
5733,264,PNC-75857881,TREASURY_RESERVE,197071.86,USD,FROZEN,2026-08-20 11:12:04
5734,416,PNC-19408620,MONEY_MARKET,102792.31,USD,ACTIVE,2026-08-02 15:57:40
5735,419,PNC-74701849,CHECKING,255908.88,USD,ACTIVE,2026-05-25 13:42:45
5736,350,PNC-50644896,TREASURY_RESERVE,26254.81,USD,FROZEN,2026-04-08 10:18:34
5737,188,PNC-81756326,ESCROW,37584.87,USD,ACTIVE,2026-08-16 11:44:20
5738,393,PNC-48917593,SAVINGS,80713.31,USD,ACTIVE,2026-06-04 10:06:11
5739,339,PNC-35636010,ESCROW,313603.2,USD,ACTIVE,2026-07-22 06:39:33
5740,353,PNC-58219211,TREASURY_RESERVE,39560.82,USD,FROZEN,2026-06-14 20:55:22
5741,377,PNC-35429494,SAVINGS,17510.68,USD,ACTIVE,2026-08-08 13:59:52
5742,304,PNC-42008932,TREASURY_RESERVE,175862.24,USD,DORMANT,2026-07-24 18:16:03
5743,158,PNC-77066471,MONEY_MARKET,434281.8,USD,ACTIVE,2026-03-25 00:17:08
5744,19,PNC-55538076,CHECKING,152966.79,USD,FROZEN,2026-03-30 03:18:03
5745,208,PNC-25862805,SAVINGS,363486.01,USD,FROZEN,2026-07-01 09:41:06
5746,235,PNC-82016051,SAVINGS,333861.6,USD,ACTIVE,2026-09-17 09:43:29
5747,37,PNC-14949636,SAVINGS,220769.28,USD,ACTIVE,2026-06-21 07:48:48
5748,465,PNC-92996496,CHECKING,110343.12,USD,FROZEN,2026-04-16 04:07:14
5749,8,PNC-33118870,CHECKING,407241.06,USD,ACTIVE,2026-06-18 09:44:42
5750,313,PNC-32909541,MONEY_MARKET,30184.99,USD,ACTIVE,2026-04-12 23:53:12
5751,255,PNC-89856515,MONEY_MARKET,100426.78,USD,ACTIVE,2026-06-12 14:03:36
5752,173,PNC-63956682,ESCROW,55679.89,USD,FROZEN,2026-07-11 15:58:17
5753,280,PNC-28432040,ESCROW,376637.55,USD,ACTIVE,2026-08-17 05:19:51
5754,24,PNC-89602555,SAVINGS,151973.42,USD,ACTIVE,2026-05-14 00:12:23
5755,73,PNC-65721070,SAVINGS,313788.66,USD,DORMANT,2026-04-22 20:45:18
5756,225,PNC-42701425,MONEY_MARKET,19753.45,USD,ACTIVE,2026-08-22 10:20:30
5757,434,PNC-94851724,MONEY_MARKET,170194.78,USD,ACTIVE,2026-03-24 20:36:48
5758,451,PNC-75359668,CHECKING,4347.79,USD,ACTIVE,2026-09-17 15:52:54
5759,46,PNC-97477181,MONEY_MARKET,399281.44,USD,ACTIVE,2026-08-03 11:43:53
5760,414,PNC-73889312,SAVINGS,93962.86,USD,FROZEN,2026-05-13 10:29:17
5761,268,PNC-70454232,TREASURY_RESERVE,108805.31,USD,ACTIVE,2026-07-18 09:05:02
5762,355,PNC-15049433,MONEY_MARKET,82230.21,USD,ACTIVE,2026-07-18 16:07:46
5763,487,PNC-21814004,ESCROW,157512.32,USD,ACTIVE,2026-07-08 02:53:22
5764,121,PNC-35756766,CHECKING,443991.68,USD,ACTIVE,2026-07-20 00:09:05
5765,186,PNC-82440371,MONEY_MARKET,99845.35,USD,FROZEN,2026-07-27 20:27:29
5766,107,PNC-47101348,CHECKING,88382.97,USD,ACTIVE,2026-08-01 21:14:17
5767,433,PNC-73674613,TREASURY_RESERVE,80581.23,USD,FROZEN,2026-09-16 23:44:19
5768,23,PNC-17251463,ESCROW,129351.44,USD,ACTIVE,2026-05-09 15:17:41
5769,172,PNC-92788091,TREASURY_RESERVE,20927.89,USD,FROZEN,2026-04-01 00:14:10
5770,474,PNC-82123324,SAVINGS,72383.46,USD,ACTIVE,2026-06-24 00:19:14
5771,264,PNC-25577992,CHECKING,402943.01,USD,FROZEN,2026-06-16 04:47:11
5772,304,PNC-87814308,ESCROW,189451.22,USD,FROZEN,2026-07-31 06:07:56
5773,460,PNC-53712695,SAVINGS,350870.41,USD,ACTIVE,2026-05-05 01:18:43
5774,51,PNC-41825487,TREASURY_RESERVE,391644.01,USD,ACTIVE,2026-09-10 21:50:00
5775,113,PNC-19868991,TREASURY_RESERVE,263913.88,USD,ACTIVE,2026-09-10 17:44:58
5776,224,PNC-29453688,SAVINGS,417657.37,USD,ACTIVE,2026-04-25 09:35:38
5777,199,PNC-60128319,SAVINGS,206796.48,USD,ACTIVE,2026-07-22 13:12:09
5778,184,PNC-46197787,SAVINGS,152147.26,USD,ACTIVE,2026-08-03 05:42:20
5779,292,PNC-18006318,ESCROW,62720.92,USD,ACTIVE,2026-06-18 20:54:12
5780,215,PNC-32978251,ESCROW,100104.32,USD,ACTIVE,2026-07-17 00:55:06
5781,81,PNC-95630804,MONEY_MARKET,407651.78,USD,DORMANT,2026-07-07 03:47:55
5782,438,PNC-40830120,CHECKING,186145.72,USD,DORMANT,2026-06-24 19:40:13
5783,442,PNC-39050434,MONEY_MARKET,213859.81,USD,ACTIVE,2026-05-15 00:48:05
5784,8,PNC-67460000,SAVINGS,112652.4,USD,ACTIVE,2026-07-12 08:16:58
5785,114,PNC-89426243,SAVINGS,411318.99,USD,ACTIVE,2026-06-10 22:43:43
5786,23,PNC-15376584,TREASURY_RESERVE,330464.12,USD,DORMANT,2026-03-28 08:27:14
5787,218,PNC-81285951,TREASURY_RESERVE,216452.3,USD,FROZEN,2026-08-28 07:15:56
5788,51,PNC-70725652,TREASURY_RESERVE,109369.4,USD,DORMANT,2026-08-15 01:22:18
5789,7,PNC-64575354,SAVINGS,61021.33,USD,ACTIVE,2026-05-07 05:52:56
5790,332,PNC-22177508,CHECKING,216682.65,USD,ACTIVE,2026-04-22 05:49:36
5791,361,PNC-71643898,MONEY_MARKET,336658.08,USD,ACTIVE,2026-06-18 03:28:57
5792,238,PNC-28605786,TREASURY_RESERVE,84448.16,USD,ACTIVE,2026-07-21 12:55:17
5793,238,PNC-95013818,CHECKING,387381.62,USD,ACTIVE,2026-06-04 13:26:17
5794,458,PNC-54681905,MONEY_MARKET,16172.31,USD,ACTIVE,2026-08-15 00:28:59
5795,139,PNC-92208524,MONEY_MARKET,259490.37,USD,ACTIVE,2026-08-21 18:40:51
5796,351,PNC-20866138,MONEY_MARKET,396559.99,USD,FROZEN,2026-04-01 11:12:42
5797,264,PNC-58853980,CHECKING,51268.49,USD,ACTIVE,2026-06-20 04:28:20
5798,317,PNC-15486060,ESCROW,165845.2,USD,FROZEN,2026-07-08 07:55:23
5799,361,PNC-18993381,MONEY_MARKET,319637.71,USD,ACTIVE,2026-04-17 16:47:19
5800,172,PNC-42028739,MONEY_MARKET,52430.62,USD,ACTIVE,2026-08-12 00:12:39
5801,481,PNC-87862305,SAVINGS,339298.31,USD,ACTIVE,2026-05-23 01:14:25
5802,181,PNC-45884163,MONEY_MARKET,306581.69,USD,ACTIVE,2026-04-01 09:34:22
5803,33,PNC-60038218,ESCROW,204406.18,USD,DORMANT,2026-07-02 02:17:22
5804,425,PNC-26469781,TREASURY_RESERVE,319856.64,USD,FROZEN,2026-08-29 02:18:57
5805,273,PNC-49227057,TREASURY_RESERVE,279996.64,USD,FROZEN,2026-08-03 10:25:28
5806,415,PNC-18808386,SAVINGS,401518.59,USD,ACTIVE,2026-04-07 18:39:32
5807,42,PNC-62436517,SAVINGS,130835.15,USD,ACTIVE,2026-04-12 01:26:53
5808,85,PNC-47036407,CHECKING,314141.33,USD,ACTIVE,2026-04-20 01:08:33
5809,448,PNC-37414797,MONEY_MARKET,428518.99,USD,ACTIVE,2026-05-17 18:02:22
5810,214,PNC-82670169,SAVINGS,214046.36,USD,ACTIVE,2026-06-16 00:18:30
5811,378,PNC-96528081,CHECKING,132245.28,USD,ACTIVE,2026-03-26 02:28:08
5812,447,PNC-41182544,MONEY_MARKET,290635.41,USD,ACTIVE,2026-07-12 04:43:47
5813,176,PNC-98014684,ESCROW,219537.55,USD,FROZEN,2026-08-04 03:23:25
5814,272,PNC-83614224,TREASURY_RESERVE,206916.18,USD,DORMANT,2026-04-16 10:43:19
5815,460,PNC-51137063,SAVINGS,355486.57,USD,ACTIVE,2026-06-23 20:30:26
5816,191,PNC-48674340,CHECKING,68029.74,USD,ACTIVE,2026-06-18 08:32:32
5817,490,PNC-32328873,MONEY_MARKET,415973.04,USD,FROZEN,2026-07-03 18:31:38
5818,147,PNC-34465275,SAVINGS,377940.26,USD,FROZEN,2026-09-13 12:01:49
5819,342,PNC-30600381,SAVINGS,108200.54,USD,ACTIVE,2026-05-22 07:21:15
5820,295,PNC-26974987,TREASURY_RESERVE,118292.63,USD,ACTIVE,2026-04-30 15:51:50
5821,288,PNC-14655890,ESCROW,440143.12,USD,ACTIVE,2026-06-02 05:40:49
5822,230,PNC-82459667,SAVINGS,240838.87,USD,ACTIVE,2026-09-16 13:18:14
5823,13,PNC-64299436,TREASURY_RESERVE,346180.4,USD,ACTIVE,2026-05-23 00:05:40
5824,80,PNC-10576371,MONEY_MARKET,439057.06,USD,ACTIVE,2026-07-25 12:08:46
5825,362,PNC-49668971,TREASURY_RESERVE,403345.89,USD,DORMANT,2026-07-29 07:41:34
5826,76,PNC-85864089,TREASURY_RESERVE,153399.97,USD,ACTIVE,2026-08-10 21:27:46
5827,246,PNC-15379569,SAVINGS,305586.74,USD,ACTIVE,2026-05-20 15:32:16
5828,13,PNC-63905855,MONEY_MARKET,378633.3,USD,ACTIVE,2026-05-30 05:20:43
5829,48,PNC-53804166,CHECKING,274255.82,USD,ACTIVE,2026-07-13 02:45:30
5830,270,PNC-39815643,ESCROW,89278.48,USD,ACTIVE,2026-07-04 08:57:14
5831,435,PNC-69788371,CHECKING,439164.02,USD,ACTIVE,2026-04-28 13:58:25
5832,252,PNC-52648731,MONEY_MARKET,272877.4,USD,ACTIVE,2026-09-14 05:26:25
5833,342,PNC-58461306,TREASURY_RESERVE,67853.75,USD,ACTIVE,2026-06-01 14:22:16
5834,198,PNC-60040550,CHECKING,129165.69,USD,ACTIVE,2026-05-20 15:33:09
5835,229,PNC-85300576,CHECKING,98239.28,USD,ACTIVE,2026-08-12 19:32:24
5836,213,PNC-69391930,ESCROW,74959.97,USD,FROZEN,2026-09-12 03:27:57
5837,218,PNC-65592149,SAVINGS,376226.92,USD,DORMANT,2026-04-07 12:55:23
5838,74,PNC-37888268,ESCROW,214363.99,USD,DORMANT,2026-05-25 22:55:34
5839,34,PNC-89279578,TREASURY_RESERVE,41169.05,USD,ACTIVE,2026-07-23 20:49:21
5840,469,PNC-46685578,TREASURY_RESERVE,79939.52,USD,ACTIVE,2026-08-06 17:45:42
5841,291,PNC-28378036,SAVINGS,84923.88,USD,ACTIVE,2026-05-17 00:46:01
5842,284,PNC-75845287,CHECKING,370525.45,USD,ACTIVE,2026-08-30 21:13:11
5843,300,PNC-50790697,TREASURY_RESERVE,252337.55,USD,ACTIVE,2026-05-04 10:06:39
5844,14,PNC-10328387,SAVINGS,119310.65,USD,FROZEN,2026-08-30 19:37:31
5845,326,PNC-73423402,CHECKING,294735.12,USD,ACTIVE,2026-06-10 19:51:44
5846,92,PNC-76019888,SAVINGS,14256.5,USD,ACTIVE,2026-06-25 13:33:05
5847,497,PNC-18955654,MONEY_MARKET,335886.16,USD,DORMANT,2026-06-23 02:59:50
5848,290,PNC-68528124,ESCROW,283156.23,USD,ACTIVE,2026-08-03 15:11:14
5849,419,PNC-26050250,ESCROW,231367.85,USD,DORMANT,2026-03-25 05:32:12
5850,433,PNC-44834491,SAVINGS,262372.04,USD,ACTIVE,2026-05-22 21:35:34
5851,237,PNC-28186152,ESCROW,74744.02,USD,ACTIVE,2026-05-30 22:54:52
5852,215,PNC-95395644,ESCROW,23348.63,USD,ACTIVE,2026-07-02 15:56:35
5853,328,PNC-20311502,MONEY_MARKET,88425.95,USD,FROZEN,2026-04-26 09:45:57
5854,392,PNC-22684736,MONEY_MARKET,339053.89,USD,DORMANT,2026-05-23 11:13:39
5855,447,PNC-52441045,ESCROW,123249.35,USD,FROZEN,2026-08-02 11:41:55
5856,186,PNC-22862542,MONEY_MARKET,261650.92,USD,ACTIVE,2026-03-24 07:52:41
5857,71,PNC-79547700,ESCROW,168796.87,USD,ACTIVE,2026-06-09 19:48:15
5858,175,PNC-31881401,CHECKING,99217.48,USD,DORMANT,2026-05-03 18:14:03
5859,426,PNC-35288872,MONEY_MARKET,276622.62,USD,DORMANT,2026-09-02 02:44:29
5860,273,PNC-83969111,CHECKING,188679.8,USD,ACTIVE,2026-04-13 11:00:22
5861,420,PNC-27613681,CHECKING,216563.93,USD,ACTIVE,2026-08-03 00:18:01
5862,186,PNC-28658140,TREASURY_RESERVE,400542.28,USD,DORMANT,2026-07-01 09:41:30
5863,391,PNC-55908520,SAVINGS,319887.85,USD,ACTIVE,2026-08-13 09:12:24
5864,418,PNC-25917805,SAVINGS,59228.44,USD,FROZEN,2026-04-18 11:12:48
5865,353,PNC-40410305,ESCROW,57716.87,USD,ACTIVE,2026-04-06 02:05:47
5866,218,PNC-24995099,CHECKING,9934.68,USD,ACTIVE,2026-08-15 21:12:11
5867,221,PNC-15706527,SAVINGS,49856.1,USD,FROZEN,2026-06-29 12:45:26
5868,304,PNC-17954445,TREASURY_RESERVE,54836.61,USD,ACTIVE,2026-03-30 05:28:38
5869,34,PNC-50486214,CHECKING,339915.8,USD,ACTIVE,2026-09-16 11:44:19
5870,309,PNC-37568480,MONEY_MARKET,405676.93,USD,ACTIVE,2026-07-30 00:59:46
5871,180,PNC-13927092,CHECKING,66782.3,USD,FROZEN,2026-05-14 16:26:06
5872,486,PNC-87812909,ESCROW,159463.17,USD,DORMANT,2026-08-20 10:34:21
5873,374,PNC-92269619,SAVINGS,227951.79,USD,ACTIVE,2026-04-10 01:38:12
5874,420,PNC-87595788,CHECKING,238684.18,USD,FROZEN,2026-04-28 00:26:49
5875,494,PNC-47830178,SAVINGS,405894.64,USD,DORMANT,2026-03-22 15:56:42
5876,499,PNC-23245372,SAVINGS,414334.01,USD,FROZEN,2026-06-22 00:06:19
5877,188,PNC-89105321,SAVINGS,198690.12,USD,ACTIVE,2026-04-25 22:35:09
5878,428,PNC-57623448,TREASURY_RESERVE,191705.19,USD,DORMANT,2026-05-05 00:15:01
5879,209,PNC-25145863,ESCROW,56941.51,USD,ACTIVE,2026-06-30 17:52:36
5880,70,PNC-76547299,ESCROW,317571.82,USD,DORMANT,2026-08-09 01:10:16
5881,21,PNC-21039132,ESCROW,222930.19,USD,ACTIVE,2026-05-15 21:29:45
5882,234,PNC-90582915,ESCROW,309640.38,USD,ACTIVE,2026-05-04 16:25:02
5883,284,PNC-64664494,ESCROW,443255.6,USD,ACTIVE,2026-04-27 11:34:21
5884,439,PNC-19342782,TREASURY_RESERVE,422678.28,USD,ACTIVE,2026-04-25 15:21:24
5885,7,PNC-75987927,CHECKING,179271.84,USD,DORMANT,2026-07-27 16:49:41
5886,347,PNC-21409300,CHECKING,65800.35,USD,ACTIVE,2026-08-03 18:52:42
5887,303,PNC-23652916,SAVINGS,30522.62,USD,ACTIVE,2026-05-26 13:54:31
5888,103,PNC-89854290,TREASURY_RESERVE,56558.83,USD,ACTIVE,2026-08-09 15:27:00
5889,256,PNC-47382097,MONEY_MARKET,267752.01,USD,FROZEN,2026-06-07 13:00:12
5890,183,PNC-73864322,MONEY_MARKET,427637.26,USD,ACTIVE,2026-06-29 03:08:06
5891,143,PNC-29780216,TREASURY_RESERVE,49954.45,USD,ACTIVE,2026-06-24 20:16:01
5892,255,PNC-40980376,SAVINGS,14831.0,USD,FROZEN,2026-04-01 02:04:51
5893,426,PNC-19157497,TREASURY_RESERVE,305631.19,USD,ACTIVE,2026-06-04 02:58:11
5894,310,PNC-53883276,SAVINGS,137284.55,USD,DORMANT,2026-04-09 12:43:05
5895,390,PNC-20269972,MONEY_MARKET,345756.09,USD,ACTIVE,2026-04-30 00:50:27
5896,151,PNC-98864649,TREASURY_RESERVE,221377.29,USD,ACTIVE,2026-07-05 03:42:56
5897,176,PNC-82548572,MONEY_MARKET,9425.17,USD,ACTIVE,2026-06-13 09:36:36
5898,451,PNC-25989909,TREASURY_RESERVE,203376.81,USD,ACTIVE,2026-06-15 18:13:55
5899,236,PNC-14829304,CHECKING,80825.82,USD,FROZEN,2026-09-04 21:20:32
5900,400,PNC-50673953,SAVINGS,221928.6,USD,ACTIVE,2026-05-21 11:56:18
5901,367,PNC-62221499,TREASURY_RESERVE,344159.0,USD,DORMANT,2026-07-30 21:36:48
5902,252,PNC-98594248,MONEY_MARKET,308890.31,USD,DORMANT,2026-06-21 01:16:59
5903,244,PNC-85464643,SAVINGS,228748.24,USD,ACTIVE,2026-05-11 23:15:42
5904,254,PNC-89328732,TREASURY_RESERVE,278197.44,USD,ACTIVE,2026-08-17 15:47:00
5905,146,PNC-53014471,CHECKING,14123.92,USD,ACTIVE,2026-04-15 17:13:01
5906,429,PNC-59178730,ESCROW,364584.71,USD,DORMANT,2026-03-27 01:07:59
5907,392,PNC-93906615,ESCROW,172187.16,USD,ACTIVE,2026-05-27 20:15:14
5908,183,PNC-65288255,ESCROW,26817.49,USD,ACTIVE,2026-05-08 21:44:07
5909,121,PNC-96984204,ESCROW,267250.45,USD,FROZEN,2026-04-03 13:01:26
5910,445,PNC-50924657,CHECKING,152911.02,USD,ACTIVE,2026-07-04 08:58:30
5911,167,PNC-15016739,TREASURY_RESERVE,296508.85,USD,ACTIVE,2026-07-10 03:04:22
5912,264,PNC-66528833,ESCROW,10650.42,USD,ACTIVE,2026-07-13 23:59:57
5913,12,PNC-52481834,TREASURY_RESERVE,257303.56,USD,ACTIVE,2026-07-10 23:59:39
5914,51,PNC-75546384,CHECKING,311352.49,USD,ACTIVE,2026-05-26 01:29:33
5915,255,PNC-77480448,ESCROW,76232.31,USD,ACTIVE,2026-05-31 09:01:53
5916,497,PNC-68517739,SAVINGS,224382.84,USD,ACTIVE,2026-09-01 00:13:39
5917,436,PNC-81918425,SAVINGS,130378.97,USD,ACTIVE,2026-05-18 13:23:01
5918,294,PNC-63959197,SAVINGS,281620.67,USD,ACTIVE,2026-08-08 04:31:37
5919,433,PNC-87603784,CHECKING,266951.3,USD,ACTIVE,2026-04-03 21:16:14
5920,291,PNC-81278157,TREASURY_RESERVE,193056.99,USD,ACTIVE,2026-08-23 07:46:36
5921,40,PNC-97447790,ESCROW,227830.83,USD,ACTIVE,2026-06-13 21:16:47
5922,340,PNC-82470537,ESCROW,91234.53,USD,ACTIVE,2026-05-09 14:44:58
5923,320,PNC-79171687,TREASURY_RESERVE,302694.77,USD,DORMANT,2026-04-25 21:25:54
5924,452,PNC-12496895,MONEY_MARKET,388425.35,USD,DORMANT,2026-06-26 18:13:42
5925,110,PNC-98691908,TREASURY_RESERVE,121669.28,USD,FROZEN,2026-07-03 06:25:22
5926,415,PNC-92466364,TREASURY_RESERVE,420684.22,USD,FROZEN,2026-07-21 12:40:37
5927,31,PNC-80097837,SAVINGS,164877.19,USD,ACTIVE,2026-05-07 11:59:40
5928,78,PNC-50302318,TREASURY_RESERVE,185501.73,USD,ACTIVE,2026-07-22 22:05:13
5929,105,PNC-65356542,ESCROW,370934.25,USD,FROZEN,2026-04-22 00:08:52
5930,132,PNC-90696029,SAVINGS,183530.87,USD,ACTIVE,2026-04-19 22:38:44
5931,99,PNC-13718391,SAVINGS,358974.57,USD,ACTIVE,2026-06-19 22:54:42
5932,249,PNC-85138440,TREASURY_RESERVE,190775.58,USD,ACTIVE,2026-04-30 01:06:53
5933,82,PNC-46602780,SAVINGS,14570.13,USD,ACTIVE,2026-07-27 17:23:55
5934,282,PNC-33620336,CHECKING,433758.42,USD,ACTIVE,2026-08-20 17:14:39
5935,11,PNC-17425900,CHECKING,142286.29,USD,ACTIVE,2026-09-06 05:05:03
5936,33,PNC-64627534,ESCROW,302744.92,USD,ACTIVE,2026-06-06 21:26:08
5937,483,PNC-28865664,SAVINGS,51701.67,USD,FROZEN,2026-06-26 23:05:52
5938,478,PNC-26192377,MONEY_MARKET,299401.39,USD,DORMANT,2026-08-19 08:04:21
5939,477,PNC-80499222,ESCROW,224158.32,USD,ACTIVE,2026-05-07 01:17:21
5940,308,PNC-26411718,ESCROW,149184.73,USD,DORMANT,2026-08-11 23:32:28
5941,200,PNC-41667072,TREASURY_RESERVE,99276.76,USD,ACTIVE,2026-04-24 20:02:55
5942,110,PNC-46849119,TREASURY_RESERVE,184656.44,USD,DORMANT,2026-04-01 16:24:07
5943,252,PNC-81601127,ESCROW,315278.55,USD,ACTIVE,2026-05-22 06:43:15
5944,280,PNC-66878965,TREASURY_RESERVE,307708.19,USD,ACTIVE,2026-09-08 14:13:41
5945,402,PNC-29449696,ESCROW,214636.97,USD,ACTIVE,2026-08-28 07:36:39
5946,158,PNC-12828532,MONEY_MARKET,17112.03,USD,FROZEN,2026-07-28 09:57:20
5947,410,PNC-17337997,SAVINGS,114962.83,USD,ACTIVE,2026-05-20 21:03:59
5948,328,PNC-58701586,CHECKING,241407.45,USD,ACTIVE,2026-09-04 08:41:46
5949,227,PNC-62139697,CHECKING,409540.41,USD,ACTIVE,2026-09-16 01:37:09
5950,131,PNC-50384524,CHECKING,421440.6,USD,ACTIVE,2026-05-18 13:51:43
5951,108,PNC-31505334,TREASURY_RESERVE,284661.69,USD,FROZEN,2026-06-08 17:12:50
5952,405,PNC-14547522,ESCROW,390100.4,USD,ACTIVE,2026-06-21 07:12:55
5953,378,PNC-65426729,ESCROW,323247.63,USD,ACTIVE,2026-08-28 21:45:26
5954,83,PNC-45026810,MONEY_MARKET,31265.7,USD,ACTIVE,2026-07-16 17:50:04
5955,374,PNC-83514771,ESCROW,204787.9,USD,ACTIVE,2026-08-16 18:50:01
5956,27,PNC-96083599,SAVINGS,284125.12,USD,FROZEN,2026-04-17 06:00:23
5957,2,PNC-63775923,SAVINGS,283290.88,USD,ACTIVE,2026-07-11 15:14:12
5958,43,PNC-24875109,SAVINGS,113447.2,USD,FROZEN,2026-08-17 21:04:49
5959,426,PNC-97131540,SAVINGS,381361.75,USD,FROZEN,2026-06-09 11:58:58
5960,406,PNC-52869025,TREASURY_RESERVE,216046.92,USD,FROZEN,2026-04-16 17:58:17
5961,134,PNC-33283960,MONEY_MARKET,372305.72,USD,ACTIVE,2026-04-29 09:36:39
5962,44,PNC-65632768,ESCROW,83077.33,USD,ACTIVE,2026-08-30 21:39:25
5963,453,PNC-86556525,SAVINGS,10799.48,USD,ACTIVE,2026-09-17 01:47:10
5964,286,PNC-96853189,MONEY_MARKET,282542.37,USD,ACTIVE,2026-06-19 14:49:37
5965,102,PNC-45135941,SAVINGS,23827.66,USD,DORMANT,2026-06-13 02:36:19
5966,308,PNC-44917786,SAVINGS,41443.98,USD,ACTIVE,2026-04-23 20:36:03
5967,485,PNC-86134053,CHECKING,7830.54,USD,DORMANT,2026-06-14 07:45:27
5968,396,PNC-70895638,TREASURY_RESERVE,54652.79,USD,FROZEN,2026-04-30 06:29:48
5969,98,PNC-45729141,ESCROW,336279.7,USD,ACTIVE,2026-04-16 02:32:37
5970,221,PNC-37730181,MONEY_MARKET,98181.62,USD,ACTIVE,2026-08-09 22:28:33
5971,347,PNC-35415894,TREASURY_RESERVE,82395.89,USD,ACTIVE,2026-03-27 09:51:47
5972,149,PNC-45138129,SAVINGS,278529.59,USD,ACTIVE,2026-06-01 14:24:27
5973,299,PNC-96870487,TREASURY_RESERVE,39953.8,USD,ACTIVE,2026-04-16 16:33:02
5974,447,PNC-53385340,TREASURY_RESERVE,309553.32,USD,FROZEN,2026-06-04 06:59:21
5975,363,PNC-66813149,MONEY_MARKET,116417.18,USD,ACTIVE,2026-07-07 23:34:43
5976,31,PNC-16994436,ESCROW,419082.48,USD,ACTIVE,2026-09-14 04:24:47
5977,182,PNC-91386202,MONEY_MARKET,319740.34,USD,ACTIVE,2026-03-22 20:45:17
5978,130,PNC-77718480,MONEY_MARKET,172350.55,USD,ACTIVE,2026-07-30 04:04:42
5979,190,PNC-27748717,MONEY_MARKET,19944.56,USD,ACTIVE,2026-05-11 08:49:04
5980,87,PNC-77611740,TREASURY_RESERVE,418751.63,USD,ACTIVE,2026-04-16 10:33:37
5981,46,PNC-52589618,MONEY_MARKET,195668.95,USD,ACTIVE,2026-04-13 12:17:39
5982,161,PNC-15927344,SAVINGS,225395.96,USD,ACTIVE,2026-08-14 00:52:49
5983,185,PNC-67725168,ESCROW,406402.52,USD,ACTIVE,2026-07-18 20:14:20
5984,425,PNC-45400991,MONEY_MARKET,141885.13,USD,ACTIVE,2026-05-22 02:18:26
5985,378,PNC-75937784,SAVINGS,250720.11,USD,FROZEN,2026-07-23 10:47:06
5986,409,PNC-69054404,CHECKING,86230.6,USD,ACTIVE,2026-05-05 10:59:55
5987,94,PNC-14813349,TREASURY_RESERVE,118210.45,USD,FROZEN,2026-06-20 12:46:03
5988,224,PNC-25572483,TREASURY_RESERVE,19795.08,USD,ACTIVE,2026-08-06 12:05:10
5989,288,PNC-75122376,TREASURY_RESERVE,222605.36,USD,FROZEN,2026-09-06 03:43:16
5990,76,PNC-26596590,ESCROW,43469.68,USD,ACTIVE,2026-04-25 21:41:02
5991,428,PNC-32588172,MONEY_MARKET,370423.43,USD,DORMANT,2026-09-10 19:38:24
5992,340,PNC-88608290,SAVINGS,263221.0,USD,ACTIVE,2026-07-01 23:10:49
5993,393,PNC-86609843,SAVINGS,188263.92,USD,ACTIVE,2026-05-08 14:56:51
5994,394,PNC-76855296,CHECKING,399484.41,USD,ACTIVE,2026-05-16 00:37:02
5995,349,PNC-26373347,TREASURY_RESERVE,169040.9,USD,ACTIVE,2026-08-31 08:22:02
5996,166,PNC-30639394,CHECKING,37856.86,USD,FROZEN,2026-07-27 21:26:48
5997,246,PNC-70942299,ESCROW,268000.61,USD,ACTIVE,2026-05-24 19:00:41
5998,497,PNC-15885044,MONEY_MARKET,427976.84,USD,ACTIVE,2026-08-10 21:01:07
5999,376,PNC-86391152,SAVINGS,96298.04,USD,ACTIVE,2026-08-24 11:18:06
6000,330,PNC-47977444,ESCROW,359468.92,USD,FROZEN,2026-04-04 13:22:08
