customer_id,first_name,last_name,email,phone,tier,status,created_at
1,Kenneth,Brown,kenneth.brown1@example-corp.com,+1-800-125-5506,PREMIUM,ACTIVE,2025-11-11 00:21:30
2,Deborah,Brown,deborah.brown2@example-corp.com,+1-800-792-9935,STANDARD,PENDING,2026-02-28 16:22:02
3,Robert,Smith,robert.smith3@example-corp.com,+1-800-195-4582,PREMIUM,PENDING,2026-05-09 14:59:31
4,Mary,Moore,mary.moore4@example-corp.com,+1-800-303-9928,PRIVATE_BANKING,ACTIVE,2026-03-11 06:42:09
5,Donna,Rodriguez,donna.rodriguez5@example-corp.com,+1-800-928-1106,PREMIUM,SUSPENDED,2026-02-28 22:49:21
6,Nancy,Rodriguez,nancy.rodriguez6@example-corp.com,+1-800-259-4527,ENTERPRISE,ACTIVE,2025-10-23 20:13:29
7,Matthew,Brown,matthew.brown7@example-corp.com,+1-800-467-6635,ENTERPRISE,ACTIVE,2026-06-28 05:21:50
8,Sandra,Moore,sandra.moore8@example-corp.com,+1-800-227-7201,STANDARD,PENDING,2026-01-09 16:23:25
9,Kenneth,Martin,kenneth.martin9@example-corp.com,+1-800-982-6925,PREMIUM,SUSPENDED,2025-10-14 20:04:18
10,Robert,Perez,robert.perez10@example-corp.com,+1-800-333-5741,STANDARD,ACTIVE,2026-08-20 07:59:02
11,Michael,Gonzalez,michael.gonzalez11@example-corp.com,+1-800-384-8428,ENTERPRISE,ACTIVE,2026-02-08 14:06:27
12,Daniel,Miller,daniel.miller12@example-corp.com,+1-800-786-5374,STANDARD,PENDING,2026-05-22 10:11:50
13,William,Moore,william.moore13@example-corp.com,+1-800-846-5010,PREMIUM,ACTIVE,2026-02-12 04:33:06
14,Sarah,Robinson,sarah.robinson14@example-corp.com,+1-800-755-4598,ENTERPRISE,ACTIVE,2025-12-15 18:39:12
15,Robert,Sanchez,robert.sanchez15@example-corp.com,+1-800-423-7572,ENTERPRISE,ACTIVE,2025-12-08 18:16:24
16,Andrew,Lewis,andrew.lewis16@example-corp.com,+1-800-835-6155,PREMIUM,SUSPENDED,2026-03-30 16:56:36
17,Betty,Lewis,betty.lewis17@example-corp.com,+1-800-758-8517,PREMIUM,ACTIVE,2025-11-11 01:13:11
18,Jessica,White,jessica.white18@example-corp.com,+1-800-674-9830,ENTERPRISE,SUSPENDED,2026-05-02 20:30:25
19,Margaret,Lewis,margaret.lewis19@example-corp.com,+1-800-697-7543,ENTERPRISE,ACTIVE,2025-11-10 13:06:58
20,Steven,Thomas,steven.thomas20@example-corp.com,+1-800-193-1771,STANDARD,ACTIVE,2026-05-19 11:59:30
21,William,Sanchez,william.sanchez21@example-corp.com,+1-800-796-7916,STANDARD,ACTIVE,2026-02-13 00:43:13
22,Joshua,Anderson,joshua.anderson22@example-corp.com,+1-800-641-5119,STANDARD,SUSPENDED,2026-06-24 17:23:06
23,Linda,Perez,linda.perez23@example-corp.com,+1-800-649-5371,ENTERPRISE,ACTIVE,2026-01-09 19:23:25
24,Margaret,Garcia,margaret.garcia24@example-corp.com,+1-800-564-1053,ENTERPRISE,PENDING,2026-07-10 17:46:23
25,Barbara,Taylor,barbara.taylor25@example-corp.com,+1-800-208-5889,PREMIUM,ACTIVE,2026-02-10 00:54:01
26,William,Moore,william.moore26@example-corp.com,+1-800-897-9689,STANDARD,PENDING,2026-01-21 17:07:27
27,Ashley,Smith,ashley.smith27@example-corp.com,+1-800-214-6947,ENTERPRISE,ACTIVE,2025-10-10 07:40:21
28,Jessica,Lewis,jessica.lewis28@example-corp.com,+1-800-680-2290,STANDARD,SUSPENDED,2026-03-25 13:31:48
29,John,Harris,john.harris29@example-corp.com,+1-800-645-3060,PREMIUM,SUSPENDED,2026-03-21 09:43:25
30,Emily,Garcia,emily.garcia30@example-corp.com,+1-800-371-9645,PRIVATE_BANKING,ACTIVE,2026-09-13 13:52:19
31,Paul,Harris,paul.harris31@example-corp.com,+1-800-847-4295,ENTERPRISE,ACTIVE,2026-06-05 16:20:49
32,Carol,Lopez,carol.lopez32@example-corp.com,+1-800-548-9479,PRIVATE_BANKING,ACTIVE,2025-12-23 02:25:07
33,Joseph,Williams,joseph.williams33@example-corp.com,+1-800-446-1344,PREMIUM,PENDING,2025-12-12 08:20:44
34,James,Williams,james.williams34@example-corp.com,+1-800-824-1964,PREMIUM,ACTIVE,2026-09-04 10:53:49
35,Robert,Ramirez,robert.ramirez35@example-corp.com,+1-800-438-2160,PREMIUM,ACTIVE,2026-06-04 15:05:44
36,Ashley,Miller,ashley.miller36@example-corp.com,+1-800-652-3167,PRIVATE_BANKING,ACTIVE,2026-07-19 12:57:14
37,Donald,Sanchez,donald.sanchez37@example-corp.com,+1-800-516-4119,STANDARD,ACTIVE,2026-05-31 17:56:06
38,Margaret,Lopez,margaret.lopez38@example-corp.com,+1-800-533-7735,PRIVATE_BANKING,SUSPENDED,2025-10-08 20:40:58
39,Amanda,Lee,amanda.lee39@example-corp.com,+1-800-761-2612,STANDARD,ACTIVE,2026-06-27 15:12:48
40,Nancy,Sanchez,nancy.sanchez40@example-corp.com,+1-800-982-2790,PREMIUM,ACTIVE,2025-11-30 16:38:46
41,Paul,Anderson,paul.anderson41@example-corp.com,+1-800-243-7912,PREMIUM,ACTIVE,2026-03-16 11:46:37
42,Jessica,Ramirez,jessica.ramirez42@example-corp.com,+1-800-177-8260,STANDARD,ACTIVE,2026-05-29 02:12:06
43,Paul,Clark,paul.clark43@example-corp.com,+1-800-115-2528,PREMIUM,ACTIVE,2026-02-22 15:49:27
44,Ashley,Thomas,ashley.thomas44@example-corp.com,+1-800-318-7570,STANDARD,ACTIVE,2026-02-12 00:03:22
45,James,Gonzalez,james.gonzalez45@example-corp.com,+1-800-371-8454,ENTERPRISE,ACTIVE,2026-06-15 08:28:27
46,George,Sanchez,george.sanchez46@example-corp.com,+1-800-669-8973,PREMIUM,ACTIVE,2026-01-11 01:17:17
47,Susan,Walker,susan.walker47@example-corp.com,+1-800-159-9883,STANDARD,SUSPENDED,2026-01-17 14:46:46
48,Patricia,Johnson,patricia.johnson48@example-corp.com,+1-800-698-8811,PREMIUM,ACTIVE,2026-04-03 01:04:31
49,Jennifer,Ramirez,jennifer.ramirez49@example-corp.com,+1-800-290-2122,STANDARD,SUSPENDED,2026-08-18 12:30:28
50,Jessica,Gonzalez,jessica.gonzalez50@example-corp.com,+1-800-222-5033,STANDARD,PENDING,2025-10-19 15:54:41
51,Anthony,Perez,anthony.perez51@example-corp.com,+1-800-697-9565,ENTERPRISE,ACTIVE,2025-12-06 03:36:16
52,Kevin,Thompson,kevin.thompson52@example-corp.com,+1-800-421-4910,ENTERPRISE,ACTIVE,2025-11-07 15:38:41
53,Kevin,Lee,kevin.lee53@example-corp.com,+1-800-407-8491,ENTERPRISE,ACTIVE,2025-09-21 10:35:49
54,Sandra,Martin,sandra.martin54@example-corp.com,+1-800-676-2638,STANDARD,PENDING,2025-12-09 14:30:46
55,Steven,Rodriguez,steven.rodriguez55@example-corp.com,+1-800-235-6718,STANDARD,ACTIVE,2026-02-08 08:00:46
56,Charles,Garcia,charles.garcia56@example-corp.com,+1-800-548-9900,ENTERPRISE,PENDING,2026-07-28 06:29:15
57,Carol,Taylor,carol.taylor57@example-corp.com,+1-800-108-5905,STANDARD,ACTIVE,2025-12-29 12:46:18
58,Linda,Lewis,linda.lewis58@example-corp.com,+1-800-209-3546,ENTERPRISE,ACTIVE,2026-05-10 17:11:36
59,Susan,Thompson,susan.thompson59@example-corp.com,+1-800-451-4335,ENTERPRISE,PENDING,2026-03-26 13:13:03
60,Thomas,Lewis,thomas.lewis60@example-corp.com,+1-800-966-1832,STANDARD,SUSPENDED,2026-03-01 07:46:59
61,Sarah,Johnson,sarah.johnson61@example-corp.com,+1-800-103-6464,PREMIUM,SUSPENDED,2025-12-28 13:22:15
62,William,White,william.white62@example-corp.com,+1-800-552-8007,STANDARD,ACTIVE,2025-10-17 01:05:39
63,Brian,Lewis,brian.lewis63@example-corp.com,+1-800-252-9938,STANDARD,ACTIVE,2026-05-02 01:09:12
64,Emily,Jones,emily.jones64@example-corp.com,+1-800-540-3088,STANDARD,ACTIVE,2026-02-06 10:34:09
65,Robert,Lewis,robert.lewis65@example-corp.com,+1-800-466-4441,PREMIUM,SUSPENDED,2025-10-27 17:52:36
66,Daniel,Harris,daniel.harris66@example-corp.com,+1-800-673-7658,PREMIUM,ACTIVE,2026-08-19 14:28:48
67,William,Sanchez,william.sanchez67@example-corp.com,+1-800-930-3900,PRIVATE_BANKING,ACTIVE,2025-11-26 11:32:00
68,Deborah,Robinson,deborah.robinson68@example-corp.com,+1-800-440-7745,PREMIUM,ACTIVE,2025-11-18 15:36:08
69,Brian,Brown,brian.brown69@example-corp.com,+1-800-491-1634,PRIVATE_BANKING,ACTIVE,2025-12-04 07:55:27
70,Sandra,Lopez,sandra.lopez70@example-corp.com,+1-800-412-4728,PREMIUM,ACTIVE,2026-06-01 03:43:33
71,Richard,Gonzalez,richard.gonzalez71@example-corp.com,+1-800-436-5564,STANDARD,ACTIVE,2026-02-01 04:41:23
72,Carol,Taylor,carol.taylor72@example-corp.com,+1-800-509-9785,ENTERPRISE,ACTIVE,2025-11-01 14:50:01
73,Thomas,Garcia,thomas.garcia73@example-corp.com,+1-800-694-5349,STANDARD,ACTIVE,2026-05-07 12:13:04
74,Margaret,Lopez,margaret.lopez74@example-corp.com,+1-800-846-6139,PRIVATE_BANKING,PENDING,2026-04-04 10:34:45
75,Linda,Gonzalez,linda.gonzalez75@example-corp.com,+1-800-690-4114,ENTERPRISE,ACTIVE,2026-06-20 02:07:42
76,Margaret,Smith,margaret.smith76@example-corp.com,+1-800-632-9821,PREMIUM,ACTIVE,2026-03-04 07:45:14
77,John,Walker,john.walker77@example-corp.com,+1-800-780-6409,ENTERPRISE,SUSPENDED,2026-08-13 03:50:46
78,Linda,White,linda.white78@example-corp.com,+1-800-407-9308,ENTERPRISE,SUSPENDED,2026-02-23 10:16:07
79,Christopher,Gonzalez,christopher.gonzalez79@example-corp.com,+1-800-813-5844,PREMIUM,ACTIVE,2026-02-28 02:36:52
80,Kevin,Walker,kevin.walker80@example-corp.com,+1-800-488-3851,ENTERPRISE,ACTIVE,2026-04-18 14:54:56
81,James,Martinez,james.martinez81@example-corp.com,+1-800-393-4443,PRIVATE_BANKING,PENDING,2026-05-11 10:15:59
82,Carol,Hernandez,carol.hernandez82@example-corp.com,+1-800-576-8238,PRIVATE_BANKING,SUSPENDED,2025-12-09 19:36:44
83,Steven,Thomas,steven.thomas83@example-corp.com,+1-800-912-3780,STANDARD,ACTIVE,2026-04-06 00:07:54
84,Kevin,Lee,kevin.lee84@example-corp.com,+1-800-734-6491,STANDARD,ACTIVE,2026-06-06 02:40:51
85,Karen,Davis,karen.davis85@example-corp.com,+1-800-925-4262,PREMIUM,ACTIVE,2025-10-05 18:30:50
86,Jessica,Thomas,jessica.thomas86@example-corp.com,+1-800-725-2193,PRIVATE_BANKING,ACTIVE,2026-08-27 23:09:55
87,Kenneth,Jackson,kenneth.jackson87@example-corp.com,+1-800-299-7291,PRIVATE_BANKING,ACTIVE,2025-12-21 13:52:14
88,Elizabeth,Lee,elizabeth.lee88@example-corp.com,+1-800-804-1090,STANDARD,ACTIVE,2025-12-11 19:31:05
89,Barbara,Sanchez,barbara.sanchez89@example-corp.com,+1-800-812-9486,PRIVATE_BANKING,ACTIVE,2026-04-22 07:10:09
90,Jessica,Robinson,jessica.robinson90@example-corp.com,+1-800-968-2988,PRIVATE_BANKING,ACTIVE,2026-07-26 01:30:53
91,Sandra,Perez,sandra.perez91@example-corp.com,+1-800-643-6198,PRIVATE_BANKING,PENDING,2026-07-31 08:10:55
92,George,Lewis,george.lewis92@example-corp.com,+1-800-616-7991,PRIVATE_BANKING,ACTIVE,2026-07-03 15:08:30
93,Donald,Anderson,donald.anderson93@example-corp.com,+1-800-365-5050,ENTERPRISE,PENDING,2026-03-25 00:32:32
94,Kenneth,Davis,kenneth.davis94@example-corp.com,+1-800-381-8206,STANDARD,SUSPENDED,2026-01-06 18:57:00
95,Jessica,Rodriguez,jessica.rodriguez95@example-corp.com,+1-800-443-6238,STANDARD,ACTIVE,2025-11-15 09:36:52
96,Joseph,Gonzalez,joseph.gonzalez96@example-corp.com,+1-800-810-3503,PREMIUM,ACTIVE,2026-02-25 22:37:11
97,Anthony,Hernandez,anthony.hernandez97@example-corp.com,+1-800-655-8633,PRIVATE_BANKING,ACTIVE,2025-12-07 03:36:25
98,Anthony,Gonzalez,anthony.gonzalez98@example-corp.com,+1-800-888-1320,PRIVATE_BANKING,ACTIVE,2025-09-20 02:43:34
99,Daniel,Martinez,daniel.martinez99@example-corp.com,+1-800-871-7389,PRIVATE_BANKING,PENDING,2026-07-05 03:07:18
100,Deborah,Moore,deborah.moore100@example-corp.com,+1-800-919-4613,PRIVATE_BANKING,ACTIVE,2026-01-01 19:42:44
101,Margaret,Thomas,margaret.thomas101@example-corp.com,+1-800-129-7371,ENTERPRISE,SUSPENDED,2026-06-08 13:49:55
102,Betty,White,betty.white102@example-corp.com,+1-800-269-8657,PREMIUM,PENDING,2026-04-13 06:09:50
103,Mary,Robinson,mary.robinson103@example-corp.com,+1-800-503-1444,STANDARD,SUSPENDED,2026-03-03 06:43:53
104,David,Ramirez,david.ramirez104@example-corp.com,+1-800-572-3977,STANDARD,ACTIVE,2026-02-12 01:16:29
105,Christopher,Miller,christopher.miller105@example-corp.com,+1-800-565-6355,ENTERPRISE,ACTIVE,2026-01-03 21:18:37
106,Anthony,Rodriguez,anthony.rodriguez106@example-corp.com,+1-800-954-2341,PRIVATE_BANKING,ACTIVE,2026-07-05 17:10:58
107,Paul,Johnson,paul.johnson107@example-corp.com,+1-800-458-4673,STANDARD,SUSPENDED,2025-10-03 11:00:13
108,Mary,Walker,mary.walker108@example-corp.com,+1-800-353-4266,STANDARD,PENDING,2025-11-16 00:04:38
109,Jessica,Jones,jessica.jones109@example-corp.com,+1-800-584-2874,PREMIUM,ACTIVE,2026-06-16 11:15:24
110,Thomas,Harris,thomas.harris110@example-corp.com,+1-800-477-3749,STANDARD,ACTIVE,2026-01-16 14:51:49
111,Michael,Jackson,michael.jackson111@example-corp.com,+1-800-126-6111,PRIVATE_BANKING,ACTIVE,2026-06-22 12:11:27
112,Richard,Williams,richard.williams112@example-corp.com,+1-800-706-4978,STANDARD,SUSPENDED,2026-07-14 19:48:52
113,Karen,Ramirez,karen.ramirez113@example-corp.com,+1-800-800-2983,STANDARD,ACTIVE,2026-04-12 17:18:59
114,Margaret,Perez,margaret.perez114@example-corp.com,+1-800-479-2129,ENTERPRISE,ACTIVE,2026-08-13 18:23:22
115,Anthony,Clark,anthony.clark115@example-corp.com,+1-800-601-2729,PRIVATE_BANKING,ACTIVE,2026-05-22 15:51:12
116,Sandra,Thompson,sandra.thompson116@example-corp.com,+1-800-256-8135,PREMIUM,SUSPENDED,2026-04-08 10:48:10
117,Carol,Rodriguez,carol.rodriguez117@example-corp.com,+1-800-730-9817,PRIVATE_BANKING,ACTIVE,2026-03-05 23:37:09
118,George,Jackson,george.jackson118@example-corp.com,+1-800-374-6280,PREMIUM,ACTIVE,2026-01-04 03:34:13
119,Mark,Davis,mark.davis119@example-corp.com,+1-800-868-8613,PRIVATE_BANKING,ACTIVE,2025-09-28 23:16:27
120,Ashley,Ramirez,ashley.ramirez120@example-corp.com,+1-800-432-3979,PRIVATE_BANKING,ACTIVE,2026-02-02 14:58:45
121,Thomas,Hernandez,thomas.hernandez121@example-corp.com,+1-800-386-5526,STANDARD,PENDING,2025-12-01 00:32:44
122,Jennifer,Davis,jennifer.davis122@example-corp.com,+1-800-837-7658,PRIVATE_BANKING,PENDING,2026-07-09 06:22:39
123,Jessica,Thompson,jessica.thompson123@example-corp.com,+1-800-587-9041,PRIVATE_BANKING,ACTIVE,2025-10-23 23:05:27
124,Charles,Davis,charles.davis124@example-corp.com,+1-800-514-4986,ENTERPRISE,SUSPENDED,2026-05-01 16:15:42
125,Lisa,Thomas,lisa.thomas125@example-corp.com,+1-800-666-9698,ENTERPRISE,ACTIVE,2026-07-04 12:23:34
126,Emily,Hernandez,emily.hernandez126@example-corp.com,+1-800-460-8434,ENTERPRISE,ACTIVE,2025-12-24 11:01:22
127,Joseph,Brown,joseph.brown127@example-corp.com,+1-800-838-4155,ENTERPRISE,ACTIVE,2026-07-03 07:55:27
128,Paul,Walker,paul.walker128@example-corp.com,+1-800-880-4033,PREMIUM,ACTIVE,2026-07-01 16:03:54
129,Donald,Rodriguez,donald.rodriguez129@example-corp.com,+1-800-841-9595,ENTERPRISE,ACTIVE,2026-08-07 04:25:46
130,Richard,Martinez,richard.martinez130@example-corp.com,+1-800-332-6912,PREMIUM,ACTIVE,2025-09-23 07:38:35
131,Melissa,Moore,melissa.moore131@example-corp.com,+1-800-229-5494,STANDARD,ACTIVE,2026-04-20 17:27:00
132,Charles,Thompson,charles.thompson132@example-corp.com,+1-800-229-9042,STANDARD,ACTIVE,2026-04-28 18:26:13
133,Charles,Thomas,charles.thomas133@example-corp.com,+1-800-590-8216,ENTERPRISE,ACTIVE,2025-10-07 18:38:11
134,Thomas,Walker,thomas.walker134@example-corp.com,+1-800-982-8827,STANDARD,ACTIVE,2026-02-20 10:38:05
135,Ashley,Williams,ashley.williams135@example-corp.com,+1-800-690-1878,PREMIUM,ACTIVE,2026-07-29 20:09:46
136,Andrew,Walker,andrew.walker136@example-corp.com,+1-800-411-2395,PREMIUM,ACTIVE,2026-04-22 13:23:18
137,Anthony,Martin,anthony.martin137@example-corp.com,+1-800-710-4697,PRIVATE_BANKING,ACTIVE,2026-09-05 15:38:43
138,Mark,Martinez,mark.martinez138@example-corp.com,+1-800-980-8025,ENTERPRISE,PENDING,2026-05-17 00:09:54
139,Patricia,Martin,patricia.martin139@example-corp.com,+1-800-857-2625,PREMIUM,SUSPENDED,2025-12-08 18:40:05
140,Thomas,Perez,thomas.perez140@example-corp.com,+1-800-183-3573,PREMIUM,ACTIVE,2026-04-20 04:42:41
141,John,Garcia,john.garcia141@example-corp.com,+1-800-102-7693,PRIVATE_BANKING,SUSPENDED,2026-05-06 10:29:32
142,Donald,Martinez,donald.martinez142@example-corp.com,+1-800-133-4792,ENTERPRISE,SUSPENDED,2026-01-05 14:53:49
143,Brian,Ramirez,brian.ramirez143@example-corp.com,+1-800-564-2166,PREMIUM,ACTIVE,2026-07-20 18:51:36
144,Kenneth,Jackson,kenneth.jackson144@example-corp.com,+1-800-777-4241,PRIVATE_BANKING,ACTIVE,2026-04-17 07:27:36
145,Joseph,Lee,joseph.lee145@example-corp.com,+1-800-252-5352,PREMIUM,ACTIVE,2025-10-10 23:38:15
146,William,Sanchez,william.sanchez146@example-corp.com,+1-800-414-5728,PRIVATE_BANKING,ACTIVE,2026-03-18 20:21:09
147,Brian,Martinez,brian.martinez147@example-corp.com,+1-800-816-7594,ENTERPRISE,PENDING,2026-04-15 12:45:49
148,Ashley,Anderson,ashley.anderson148@example-corp.com,+1-800-182-1653,PRIVATE_BANKING,SUSPENDED,2026-01-21 00:01:32
149,Joshua,Rodriguez,joshua.rodriguez149@example-corp.com,+1-800-126-2496,PREMIUM,SUSPENDED,2026-08-08 11:28:11
150,Andrew,Jackson,andrew.jackson150@example-corp.com,+1-800-121-5415,STANDARD,ACTIVE,2026-03-19 13:09:22
151,Kimberly,Lee,kimberly.lee151@example-corp.com,+1-800-552-5557,PREMIUM,PENDING,2026-03-06 02:30:48
152,Kenneth,Clark,kenneth.clark152@example-corp.com,+1-800-603-2494,PRIVATE_BANKING,ACTIVE,2026-02-23 09:51:03
153,Nancy,Hernandez,nancy.hernandez153@example-corp.com,+1-800-786-2713,PREMIUM,ACTIVE,2026-02-24 16:34:52
154,Brian,Thomas,brian.thomas154@example-corp.com,+1-800-395-7561,STANDARD,ACTIVE,2025-10-22 00:32:51
155,Christopher,Rodriguez,christopher.rodriguez155@example-corp.com,+1-800-431-2899,PRIVATE_BANKING,PENDING,2026-08-04 04:38:58
156,James,Perez,james.perez156@example-corp.com,+1-800-990-9889,PRIVATE_BANKING,ACTIVE,2025-10-08 20:59:22
157,Richard,Taylor,richard.taylor157@example-corp.com,+1-800-470-9167,PRIVATE_BANKING,ACTIVE,2025-12-05 21:04:16
158,Sarah,Moore,sarah.moore158@example-corp.com,+1-800-234-5719,PRIVATE_BANKING,SUSPENDED,2026-03-25 01:36:44
159,Linda,Smith,linda.smith159@example-corp.com,+1-800-745-4920,PREMIUM,ACTIVE,2026-04-19 17:57:45
160,James,Moore,james.moore160@example-corp.com,+1-800-517-2527,PREMIUM,ACTIVE,2026-03-16 00:46:36
161,Linda,Lee,linda.lee161@example-corp.com,+1-800-952-3522,PRIVATE_BANKING,SUSPENDED,2026-01-09 04:07:03
162,Steven,Thompson,steven.thompson162@example-corp.com,+1-800-379-7807,PRIVATE_BANKING,ACTIVE,2025-12-21 11:30:27
163,Sandra,Moore,sandra.moore163@example-corp.com,+1-800-248-7284,PREMIUM,PENDING,2026-04-03 04:55:09
164,Deborah,Lewis,deborah.lewis164@example-corp.com,+1-800-239-2143,ENTERPRISE,ACTIVE,2026-01-27 19:38:15
165,Steven,Rodriguez,steven.rodriguez165@example-corp.com,+1-800-940-1042,ENTERPRISE,SUSPENDED,2026-01-11 18:30:46
166,Donna,Jackson,donna.jackson166@example-corp.com,+1-800-775-9022,PREMIUM,ACTIVE,2026-04-14 23:42:20
167,Donald,Lopez,donald.lopez167@example-corp.com,+1-800-440-9903,PRIVATE_BANKING,ACTIVE,2026-09-15 02:35:02
168,Christopher,Ramirez,christopher.ramirez168@example-corp.com,+1-800-293-4912,PRIVATE_BANKING,ACTIVE,2026-08-16 06:23:24
169,Anthony,Johnson,anthony.johnson169@example-corp.com,+1-800-425-8749,PRIVATE_BANKING,ACTIVE,2026-06-02 13:47:56
170,Carol,Jones,carol.jones170@example-corp.com,+1-800-607-1606,PREMIUM,PENDING,2026-05-05 00:39:04
171,Nancy,Ramirez,nancy.ramirez171@example-corp.com,+1-800-202-8213,STANDARD,PENDING,2026-09-06 09:42:08
172,Sandra,Smith,sandra.smith172@example-corp.com,+1-800-839-3361,PRIVATE_BANKING,SUSPENDED,2025-11-16 18:31:18
173,John,Thomas,john.thomas173@example-corp.com,+1-800-900-5342,ENTERPRISE,PENDING,2026-06-13 20:14:44
174,Betty,Lee,betty.lee174@example-corp.com,+1-800-182-6383,PRIVATE_BANKING,ACTIVE,2026-05-19 05:57:45
175,Melissa,Lewis,melissa.lewis175@example-corp.com,+1-800-877-8994,STANDARD,PENDING,2025-10-14 09:29:54
176,Jessica,Lee,jessica.lee176@example-corp.com,+1-800-800-5708,PREMIUM,SUSPENDED,2025-10-22 22:10:02
177,Margaret,Brown,margaret.brown177@example-corp.com,+1-800-878-2646,PRIVATE_BANKING,ACTIVE,2026-06-14 08:19:49
178,Karen,Lewis,karen.lewis178@example-corp.com,+1-800-129-1753,ENTERPRISE,ACTIVE,2026-01-09 18:09:24
179,Daniel,Lopez,daniel.lopez179@example-corp.com,+1-800-541-3385,PREMIUM,PENDING,2026-02-24 20:22:17
180,Andrew,Perez,andrew.perez180@example-corp.com,+1-800-911-3950,PREMIUM,ACTIVE,2025-10-18 11:48:33
181,Michelle,Ramirez,michelle.ramirez181@example-corp.com,+1-800-491-4945,PRIVATE_BANKING,PENDING,2025-11-12 09:43:28
182,Joseph,Anderson,joseph.anderson182@example-corp.com,+1-800-753-5161,PRIVATE_BANKING,ACTIVE,2026-06-03 19:10:36
183,James,Lewis,james.lewis183@example-corp.com,+1-800-923-8622,ENTERPRISE,SUSPENDED,2026-04-18 02:26:05
184,William,Williams,william.williams184@example-corp.com,+1-800-552-6661,ENTERPRISE,SUSPENDED,2026-03-01 14:37:00
185,Brian,Rodriguez,brian.rodriguez185@example-corp.com,+1-800-567-5949,PREMIUM,ACTIVE,2026-08-15 05:26:01
186,Donald,Brown,donald.brown186@example-corp.com,+1-800-342-7248,ENTERPRISE,PENDING,2026-01-10 17:30:04
187,Brian,Martinez,brian.martinez187@example-corp.com,+1-800-122-7484,ENTERPRISE,ACTIVE,2026-04-25 14:36:41
188,Amanda,Harris,amanda.harris188@example-corp.com,+1-800-862-1803,PRIVATE_BANKING,ACTIVE,2026-07-16 02:12:02
189,Joseph,Martin,joseph.martin189@example-corp.com,+1-800-921-6772,PREMIUM,SUSPENDED,2025-11-30 15:55:45
190,Michelle,Rodriguez,michelle.rodriguez190@example-corp.com,+1-800-794-3240,STANDARD,SUSPENDED,2026-05-26 20:06:07
191,Robert,Martinez,robert.martinez191@example-corp.com,+1-800-907-8222,STANDARD,PENDING,2026-02-06 12:31:26
192,George,Jones,george.jones192@example-corp.com,+1-800-192-5835,ENTERPRISE,SUSPENDED,2026-02-26 04:32:25
193,Barbara,Miller,barbara.miller193@example-corp.com,+1-800-235-9837,ENTERPRISE,PENDING,2026-03-31 16:50:13
194,Sarah,Clark,sarah.clark194@example-corp.com,+1-800-268-5210,PRIVATE_BANKING,ACTIVE,2026-07-04 18:12:29
195,Nancy,Sanchez,nancy.sanchez195@example-corp.com,+1-800-217-8673,STANDARD,ACTIVE,2026-07-07 16:58:19
196,Joseph,Ramirez,joseph.ramirez196@example-corp.com,+1-800-792-7511,ENTERPRISE,ACTIVE,2026-07-21 21:27:39
197,Betty,Smith,betty.smith197@example-corp.com,+1-800-370-9791,STANDARD,ACTIVE,2026-02-07 23:14:17
198,Amanda,White,amanda.white198@example-corp.com,+1-800-788-5295,PRIVATE_BANKING,SUSPENDED,2026-02-09 02:09:22
199,Michael,Perez,michael.perez199@example-corp.com,+1-800-339-8724,STANDARD,PENDING,2026-08-27 05:26:12
200,Emily,Hernandez,emily.hernandez200@example-corp.com,+1-800-724-4626,STANDARD,SUSPENDED,2026-08-03 18:39:33
201,Sandra,Robinson,sandra.robinson201@example-corp.com,+1-800-817-5951,PRIVATE_BANKING,ACTIVE,2025-11-11 02:35:13
202,Robert,Walker,robert.walker202@example-corp.com,+1-800-138-5986,PRIVATE_BANKING,ACTIVE,2025-10-25 13:39:57
203,Jessica,Lewis,jessica.lewis203@example-corp.com,+1-800-650-3222,PRIVATE_BANKING,ACTIVE,2026-02-08 21:50:55
204,Kevin,Walker,kevin.walker204@example-corp.com,+1-800-860-9850,PRIVATE_BANKING,PENDING,2026-07-03 02:13:10
205,George,Jones,george.jones205@example-corp.com,+1-800-524-2622,PRIVATE_BANKING,PENDING,2026-02-23 07:41:11
206,Sarah,Johnson,sarah.johnson206@example-corp.com,+1-800-806-7070,PREMIUM,ACTIVE,2026-03-09 12:38:11
207,Jessica,Ramirez,jessica.ramirez207@example-corp.com,+1-800-471-2627,ENTERPRISE,PENDING,2026-09-03 00:11:19
208,Carol,Lopez,carol.lopez208@example-corp.com,+1-800-162-7523,ENTERPRISE,ACTIVE,2025-11-04 06:22:54
209,Sandra,Williams,sandra.williams209@example-corp.com,+1-800-778-4475,STANDARD,ACTIVE,2026-07-20 09:13:40
210,Nancy,Davis,nancy.davis210@example-corp.com,+1-800-228-4362,STANDARD,PENDING,2025-12-07 06:37:02
211,Donna,Miller,donna.miller211@example-corp.com,+1-800-932-4817,ENTERPRISE,ACTIVE,2026-07-21 02:27:48
212,Joshua,Smith,joshua.smith212@example-corp.com,+1-800-383-3370,PREMIUM,PENDING,2025-12-24 04:02:14
213,Barbara,Brown,barbara.brown213@example-corp.com,+1-800-776-1422,PREMIUM,ACTIVE,2026-02-03 22:49:51
214,Jessica,Jackson,jessica.jackson214@example-corp.com,+1-800-431-1258,PREMIUM,ACTIVE,2025-10-08 04:09:54
215,David,White,david.white215@example-corp.com,+1-800-531-9619,STANDARD,SUSPENDED,2025-10-12 12:10:28
216,Donald,Anderson,donald.anderson216@example-corp.com,+1-800-896-6931,STANDARD,ACTIVE,2026-04-01 11:53:16
217,Joseph,Walker,joseph.walker217@example-corp.com,+1-800-729-1710,ENTERPRISE,ACTIVE,2026-05-25 16:08:26
218,Mary,Johnson,mary.johnson218@example-corp.com,+1-800-590-7580,PRIVATE_BANKING,SUSPENDED,2025-10-29 18:02:52
219,Ashley,Thompson,ashley.thompson219@example-corp.com,+1-800-554-2204,STANDARD,ACTIVE,2026-05-12 01:30:49
220,Elizabeth,Williams,elizabeth.williams220@example-corp.com,+1-800-229-5505,ENTERPRISE,ACTIVE,2026-05-07 19:51:59
221,Kimberly,Martinez,kimberly.martinez221@example-corp.com,+1-800-564-9282,PRIVATE_BANKING,ACTIVE,2026-07-22 19:57:43
222,Brian,Brown,brian.brown222@example-corp.com,+1-800-973-4522,PRIVATE_BANKING,ACTIVE,2026-08-28 17:22:44
223,Joseph,Wilson,joseph.wilson223@example-corp.com,+1-800-447-8430,PRIVATE_BANKING,ACTIVE,2026-06-28 04:15:08
224,Michael,Hernandez,michael.hernandez224@example-corp.com,+1-800-537-6120,ENTERPRISE,ACTIVE,2025-11-16 02:28:07
225,Amanda,Robinson,amanda.robinson225@example-corp.com,+1-800-585-2099,STANDARD,ACTIVE,2025-10-24 00:44:18
226,Margaret,Brown,margaret.brown226@example-corp.com,+1-800-862-7105,PREMIUM,PENDING,2025-10-11 02:50:02
227,Donna,Walker,donna.walker227@example-corp.com,+1-800-675-6400,STANDARD,ACTIVE,2026-02-02 03:32:37
228,Kevin,Walker,kevin.walker228@example-corp.com,+1-800-868-7929,STANDARD,ACTIVE,2026-05-08 23:59:54
229,Karen,Lopez,karen.lopez229@example-corp.com,+1-800-206-9313,PREMIUM,ACTIVE,2026-05-30 20:59:48
230,Donald,Davis,donald.davis230@example-corp.com,+1-800-967-2773,ENTERPRISE,PENDING,2026-02-07 13:41:17
231,Linda,Harris,linda.harris231@example-corp.com,+1-800-385-4705,PRIVATE_BANKING,PENDING,2026-07-12 20:45:37
232,Michelle,Martin,michelle.martin232@example-corp.com,+1-800-791-1430,ENTERPRISE,ACTIVE,2025-11-26 21:22:13
233,Sarah,Thompson,sarah.thompson233@example-corp.com,+1-800-880-6062,ENTERPRISE,ACTIVE,2025-09-20 04:40:51
234,Barbara,Ramirez,barbara.ramirez234@example-corp.com,+1-800-246-7566,STANDARD,ACTIVE,2026-07-02 14:06:10
235,Kenneth,Smith,kenneth.smith235@example-corp.com,+1-800-193-9691,PREMIUM,ACTIVE,2026-02-27 20:53:35
236,Sandra,Hernandez,sandra.hernandez236@example-corp.com,+1-800-261-7062,ENTERPRISE,SUSPENDED,2026-01-21 19:14:18
237,Andrew,Martin,andrew.martin237@example-corp.com,+1-800-186-1861,PREMIUM,ACTIVE,2026-07-07 19:37:22
238,Michelle,Johnson,michelle.johnson238@example-corp.com,+1-800-790-2336,ENTERPRISE,ACTIVE,2026-06-01 21:29:11
239,Margaret,Thomas,margaret.thomas239@example-corp.com,+1-800-721-8242,PRIVATE_BANKING,ACTIVE,2025-12-10 13:01:09
240,Steven,Brown,steven.brown240@example-corp.com,+1-800-453-8043,STANDARD,ACTIVE,2026-06-08 05:13:11
241,Amanda,Jackson,amanda.jackson241@example-corp.com,+1-800-598-9633,ENTERPRISE,ACTIVE,2025-12-12 11:09:05
242,Betty,Martin,betty.martin242@example-corp.com,+1-800-156-1125,PREMIUM,ACTIVE,2025-12-08 20:36:51
243,David,Harris,david.harris243@example-corp.com,+1-800-361-5742,ENTERPRISE,ACTIVE,2025-09-20 19:49:07
244,Ashley,White,ashley.white244@example-corp.com,+1-800-540-3878,PREMIUM,ACTIVE,2026-04-12 15:47:53
245,Melissa,Davis,melissa.davis245@example-corp.com,+1-800-612-6802,STANDARD,ACTIVE,2026-08-18 11:59:48
246,Deborah,Johnson,deborah.johnson246@example-corp.com,+1-800-546-1307,PRIVATE_BANKING,ACTIVE,2026-08-18 15:13:06
247,Christopher,Jackson,christopher.jackson247@example-corp.com,+1-800-539-7626,PRIVATE_BANKING,ACTIVE,2025-11-01 13:15:52
248,Betty,Smith,betty.smith248@example-corp.com,+1-800-432-3815,PRIVATE_BANKING,SUSPENDED,2026-09-10 00:38:46
249,Lisa,Williams,lisa.williams249@example-corp.com,+1-800-547-2734,PREMIUM,ACTIVE,2026-05-04 12:26:56
250,Betty,Taylor,betty.taylor250@example-corp.com,+1-800-180-7484,ENTERPRISE,SUSPENDED,2026-01-27 16:15:50
251,Joseph,Hernandez,joseph.hernandez251@example-corp.com,+1-800-897-3754,STANDARD,PENDING,2026-05-21 17:51:09
252,Linda,Taylor,linda.taylor252@example-corp.com,+1-800-622-4176,ENTERPRISE,ACTIVE,2026-06-27 07:26:07
253,Carol,Clark,carol.clark253@example-corp.com,+1-800-251-4871,STANDARD,ACTIVE,2025-12-26 05:34:03
254,Richard,Garcia,richard.garcia254@example-corp.com,+1-800-716-3504,STANDARD,ACTIVE,2026-07-14 23:14:13
255,Kenneth,Thomas,kenneth.thomas255@example-corp.com,+1-800-575-8354,ENTERPRISE,SUSPENDED,2026-01-18 14:23:56
256,Elizabeth,Anderson,elizabeth.anderson256@example-corp.com,+1-800-169-8682,PRIVATE_BANKING,SUSPENDED,2026-01-13 10:15:42
257,Sarah,Jackson,sarah.jackson257@example-corp.com,+1-800-157-6766,STANDARD,ACTIVE,2026-03-16 03:31:21
258,Mark,Johnson,mark.johnson258@example-corp.com,+1-800-158-7041,ENTERPRISE,ACTIVE,2026-05-26 04:29:52
259,Jennifer,Martin,jennifer.martin259@example-corp.com,+1-800-708-9307,PRIVATE_BANKING,ACTIVE,2026-05-01 04:49:58
260,Emily,Walker,emily.walker260@example-corp.com,+1-800-910-1672,PRIVATE_BANKING,PENDING,2026-05-28 23:20:10
261,Richard,Hernandez,richard.hernandez261@example-corp.com,+1-800-719-8792,PREMIUM,ACTIVE,2026-03-11 18:57:02
262,Michael,Sanchez,michael.sanchez262@example-corp.com,+1-800-957-6626,STANDARD,PENDING,2026-05-26 18:06:42
263,Barbara,Johnson,barbara.johnson263@example-corp.com,+1-800-353-8172,PRIVATE_BANKING,PENDING,2026-04-08 20:08:08
264,Michelle,Garcia,michelle.garcia264@example-corp.com,+1-800-472-7108,ENTERPRISE,ACTIVE,2026-02-23 13:46:39
265,Nancy,Perez,nancy.perez265@example-corp.com,+1-800-712-1857,ENTERPRISE,ACTIVE,2026-01-23 20:42:41
266,Michael,Moore,michael.moore266@example-corp.com,+1-800-794-7333,ENTERPRISE,ACTIVE,2026-06-25 21:27:26
267,Kevin,Walker,kevin.walker267@example-corp.com,+1-800-717-3463,ENTERPRISE,ACTIVE,2026-05-02 03:17:48
268,Kevin,Jones,kevin.jones268@example-corp.com,+1-800-458-6082,PRIVATE_BANKING,ACTIVE,2026-05-06 21:57:25
269,Melissa,Walker,melissa.walker269@example-corp.com,+1-800-186-6072,PRIVATE_BANKING,SUSPENDED,2026-07-22 06:35:42
270,Nancy,Clark,nancy.clark270@example-corp.com,+1-800-230-9624,STANDARD,SUSPENDED,2026-06-05 04:52:26
271,Margaret,Taylor,margaret.taylor271@example-corp.com,+1-800-470-1298,ENTERPRISE,ACTIVE,2025-11-26 19:56:34
272,Susan,Hernandez,susan.hernandez272@example-corp.com,+1-800-884-8967,PREMIUM,ACTIVE,2025-11-10 05:58:22
273,Elizabeth,Williams,elizabeth.williams273@example-corp.com,+1-800-402-2657,STANDARD,SUSPENDED,2026-01-26 14:38:32
274,Michelle,Jones,michelle.jones274@example-corp.com,+1-800-711-7172,PREMIUM,ACTIVE,2025-11-27 01:22:38
275,Brian,Harris,brian.harris275@example-corp.com,+1-800-739-3712,PRIVATE_BANKING,ACTIVE,2026-02-24 09:15:02
276,Lisa,Perez,lisa.perez276@example-corp.com,+1-800-836-4891,PRIVATE_BANKING,PENDING,2026-01-06 11:29:29
277,Deborah,Sanchez,deborah.sanchez277@example-corp.com,+1-800-559-4833,PREMIUM,ACTIVE,2026-07-28 20:41:29
278,Donald,Lewis,donald.lewis278@example-corp.com,+1-800-955-4178,ENTERPRISE,SUSPENDED,2026-04-27 08:27:53
279,Mark,Anderson,mark.anderson279@example-corp.com,+1-800-887-5616,PRIVATE_BANKING,PENDING,2026-04-10 16:03:08
280,Anthony,Walker,anthony.walker280@example-corp.com,+1-800-265-4271,PREMIUM,ACTIVE,2025-10-08 02:07:18
281,Carol,Thomas,carol.thomas281@example-corp.com,+1-800-995-7081,STANDARD,SUSPENDED,2026-08-12 08:03:29
282,Kimberly,Ramirez,kimberly.ramirez282@example-corp.com,+1-800-227-5670,STANDARD,ACTIVE,2026-01-01 18:22:12
283,Mark,Lewis,mark.lewis283@example-corp.com,+1-800-625-3414,PRIVATE_BANKING,ACTIVE,2026-09-06 10:17:31
284,Joseph,Clark,joseph.clark284@example-corp.com,+1-800-561-6727,STANDARD,ACTIVE,2025-10-08 12:09:39
285,Betty,Taylor,betty.taylor285@example-corp.com,+1-800-482-4862,PRIVATE_BANKING,ACTIVE,2026-02-10 10:12:36
286,Joseph,Smith,joseph.smith286@example-corp.com,+1-800-426-2623,ENTERPRISE,ACTIVE,2025-11-10 06:17:31
287,Robert,Martinez,robert.martinez287@example-corp.com,+1-800-949-8740,PREMIUM,SUSPENDED,2026-03-19 00:11:38
288,Mark,Martin,mark.martin288@example-corp.com,+1-800-105-2298,STANDARD,ACTIVE,2025-12-10 13:49:07
289,Elizabeth,Moore,elizabeth.moore289@example-corp.com,+1-800-844-9647,PRIVATE_BANKING,ACTIVE,2026-07-16 06:13:26
290,Charles,Davis,charles.davis290@example-corp.com,+1-800-408-2996,STANDARD,ACTIVE,2026-02-27 20:49:42
291,Kenneth,Sanchez,kenneth.sanchez291@example-corp.com,+1-800-737-8489,STANDARD,ACTIVE,2026-08-08 18:15:56
292,Ashley,Martin,ashley.martin292@example-corp.com,+1-800-648-1269,PREMIUM,SUSPENDED,2025-11-12 14:00:14
293,Charles,Wilson,charles.wilson293@example-corp.com,+1-800-101-6780,PREMIUM,PENDING,2026-02-26 14:27:44
294,Barbara,Perez,barbara.perez294@example-corp.com,+1-800-784-2402,ENTERPRISE,ACTIVE,2026-04-10 03:00:00
295,Paul,Taylor,paul.taylor295@example-corp.com,+1-800-905-9316,STANDARD,ACTIVE,2026-08-22 23:48:35
296,Donald,Johnson,donald.johnson296@example-corp.com,+1-800-750-7338,ENTERPRISE,ACTIVE,2026-07-05 01:15:58
297,Mary,Lopez,mary.lopez297@example-corp.com,+1-800-907-2106,ENTERPRISE,ACTIVE,2026-06-29 11:16:34
298,Kevin,Lee,kevin.lee298@example-corp.com,+1-800-206-6447,PREMIUM,ACTIVE,2026-02-01 15:26:09
299,Paul,Hernandez,paul.hernandez299@example-corp.com,+1-800-933-3868,PRIVATE_BANKING,SUSPENDED,2026-03-22 16:00:16
300,Kenneth,Garcia,kenneth.garcia300@example-corp.com,+1-800-930-3209,STANDARD,SUSPENDED,2026-07-16 06:23:22
301,Sandra,Johnson,sandra.johnson301@example-corp.com,+1-800-400-4302,STANDARD,ACTIVE,2026-08-27 19:56:08
302,Robert,Hernandez,robert.hernandez302@example-corp.com,+1-800-417-9444,PRIVATE_BANKING,PENDING,2026-03-20 16:10:35
303,Thomas,Johnson,thomas.johnson303@example-corp.com,+1-800-871-4131,ENTERPRISE,ACTIVE,2026-08-18 15:29:03
304,Patricia,Ramirez,patricia.ramirez304@example-corp.com,+1-800-771-6438,ENTERPRISE,ACTIVE,2026-07-25 06:10:55
305,Lisa,Wilson,lisa.wilson305@example-corp.com,+1-800-509-8204,PRIVATE_BANKING,ACTIVE,2025-11-29 09:02:00
306,Ashley,Thompson,ashley.thompson306@example-corp.com,+1-800-609-7018,ENTERPRISE,ACTIVE,2026-06-27 04:39:35
307,Margaret,Williams,margaret.williams307@example-corp.com,+1-800-540-3956,ENTERPRISE,ACTIVE,2025-10-27 16:03:09
308,Jennifer,Hernandez,jennifer.hernandez308@example-corp.com,+1-800-776-5843,ENTERPRISE,ACTIVE,2026-05-09 20:36:41
309,Melissa,Wilson,melissa.wilson309@example-corp.com,+1-800-270-8272,ENTERPRISE,ACTIVE,2025-10-04 06:32:58
310,George,Ramirez,george.ramirez310@example-corp.com,+1-800-461-8126,ENTERPRISE,SUSPENDED,2026-07-22 04:52:43
311,Patricia,Williams,patricia.williams311@example-corp.com,+1-800-787-7655,ENTERPRISE,PENDING,2026-07-25 22:31:35
312,Deborah,Perez,deborah.perez312@example-corp.com,+1-800-263-1510,PREMIUM,PENDING,2026-06-08 04:01:01
313,Mark,Johnson,mark.johnson313@example-corp.com,+1-800-229-2101,PREMIUM,SUSPENDED,2026-02-07 02:11:58
314,Lisa,Gonzalez,lisa.gonzalez314@example-corp.com,+1-800-680-1530,PREMIUM,SUSPENDED,2026-03-11 13:21:11
315,Lisa,Lopez,lisa.lopez315@example-corp.com,+1-800-554-2259,PREMIUM,PENDING,2026-02-07 07:59:32
316,Betty,Hernandez,betty.hernandez316@example-corp.com,+1-800-765-5566,PREMIUM,ACTIVE,2025-09-27 21:18:02
317,Deborah,Garcia,deborah.garcia317@example-corp.com,+1-800-611-9482,PRIVATE_BANKING,PENDING,2025-11-02 13:22:58
318,Thomas,Harris,thomas.harris318@example-corp.com,+1-800-366-8311,PREMIUM,PENDING,2026-01-06 17:32:24
319,Brian,Robinson,brian.robinson319@example-corp.com,+1-800-602-4279,STANDARD,ACTIVE,2026-08-15 00:41:16
320,John,Anderson,john.anderson320@example-corp.com,+1-800-276-8292,STANDARD,SUSPENDED,2026-08-12 04:35:59
321,Christopher,Perez,christopher.perez321@example-corp.com,+1-800-455-2063,ENTERPRISE,ACTIVE,2026-08-14 11:02:25
322,William,Thompson,william.thompson322@example-corp.com,+1-800-826-3852,ENTERPRISE,PENDING,2025-12-13 21:51:15
323,Linda,Miller,linda.miller323@example-corp.com,+1-800-911-3275,PREMIUM,ACTIVE,2025-09-28 00:45:20
324,Lisa,Moore,lisa.moore324@example-corp.com,+1-800-686-7044,PRIVATE_BANKING,PENDING,2025-11-07 05:19:34
325,Michelle,Lewis,michelle.lewis325@example-corp.com,+1-800-188-2077,ENTERPRISE,ACTIVE,2026-06-23 06:04:34
326,George,Thomas,george.thomas326@example-corp.com,+1-800-638-7730,PRIVATE_BANKING,PENDING,2025-10-16 11:10:38
327,David,Hernandez,david.hernandez327@example-corp.com,+1-800-757-2215,PRIVATE_BANKING,ACTIVE,2026-06-08 22:50:45
328,Kimberly,Lopez,kimberly.lopez328@example-corp.com,+1-800-231-3981,PREMIUM,ACTIVE,2026-04-01 02:48:03
329,Patricia,Clark,patricia.clark329@example-corp.com,+1-800-227-9488,PREMIUM,ACTIVE,2025-11-20 18:29:09
330,William,Hernandez,william.hernandez330@example-corp.com,+1-800-826-4694,ENTERPRISE,PENDING,2026-08-31 09:05:05
331,Charles,Ramirez,charles.ramirez331@example-corp.com,+1-800-180-5105,PREMIUM,SUSPENDED,2026-04-19 17:59:05
332,Sarah,Jones,sarah.jones332@example-corp.com,+1-800-740-5961,STANDARD,PENDING,2026-05-24 18:12:24
333,William,Jackson,william.jackson333@example-corp.com,+1-800-694-3526,PREMIUM,SUSPENDED,2026-05-18 08:20:19
334,George,Lewis,george.lewis334@example-corp.com,+1-800-719-6531,STANDARD,ACTIVE,2025-10-19 08:49:21
335,Robert,Walker,robert.walker335@example-corp.com,+1-800-756-5336,PREMIUM,PENDING,2026-02-26 14:38:27
336,Michelle,Lee,michelle.lee336@example-corp.com,+1-800-131-9159,ENTERPRISE,SUSPENDED,2026-01-13 03:29:31
337,Donald,Davis,donald.davis337@example-corp.com,+1-800-924-7653,ENTERPRISE,ACTIVE,2025-10-16 03:55:43
338,Brian,Johnson,brian.johnson338@example-corp.com,+1-800-261-8202,PRIVATE_BANKING,ACTIVE,2026-03-17 04:41:07
339,Susan,Hernandez,susan.hernandez339@example-corp.com,+1-800-721-3353,ENTERPRISE,SUSPENDED,2026-01-19 20:00:55
340,George,Ramirez,george.ramirez340@example-corp.com,+1-800-453-7532,PREMIUM,ACTIVE,2026-04-05 19:44:00
341,Emily,Brown,emily.brown341@example-corp.com,+1-800-426-4960,PRIVATE_BANKING,ACTIVE,2025-12-30 16:47:15
342,Mark,Davis,mark.davis342@example-corp.com,+1-800-244-2586,STANDARD,ACTIVE,2026-02-14 00:18:24
343,Michelle,Wilson,michelle.wilson343@example-corp.com,+1-800-354-3616,ENTERPRISE,PENDING,2026-06-24 21:10:29
344,Christopher,Miller,christopher.miller344@example-corp.com,+1-800-881-3610,PRIVATE_BANKING,PENDING,2026-03-18 02:48:11
345,Ashley,Lewis,ashley.lewis345@example-corp.com,+1-800-415-9148,STANDARD,ACTIVE,2026-02-17 13:03:13
346,Steven,Anderson,steven.anderson346@example-corp.com,+1-800-346-4524,ENTERPRISE,ACTIVE,2025-10-07 10:50:29
347,Charles,Thomas,charles.thomas347@example-corp.com,+1-800-711-8710,ENTERPRISE,PENDING,2025-09-20 23:59:23
348,Michael,Wilson,michael.wilson348@example-corp.com,+1-800-237-5333,ENTERPRISE,ACTIVE,2026-02-06 22:33:15
349,Robert,Gonzalez,robert.gonzalez349@example-corp.com,+1-800-152-4189,ENTERPRISE,PENDING,2026-01-07 21:44:01
350,John,Gonzalez,john.gonzalez350@example-corp.com,+1-800-616-8378,ENTERPRISE,PENDING,2026-06-09 01:32:44
351,Michelle,Brown,michelle.brown351@example-corp.com,+1-800-231-2584,PRIVATE_BANKING,ACTIVE,2026-07-23 12:44:59
352,Nancy,Moore,nancy.moore352@example-corp.com,+1-800-474-3363,PREMIUM,PENDING,2026-04-03 13:08:11
353,Betty,Taylor,betty.taylor353@example-corp.com,+1-800-141-1742,STANDARD,ACTIVE,2026-06-21 22:55:44
354,Nancy,Sanchez,nancy.sanchez354@example-corp.com,+1-800-585-9508,PRIVATE_BANKING,ACTIVE,2026-05-11 06:31:42
355,Steven,Jones,steven.jones355@example-corp.com,+1-800-435-6218,PREMIUM,ACTIVE,2026-05-15 05:58:18
356,Deborah,Clark,deborah.clark356@example-corp.com,+1-800-406-6511,PRIVATE_BANKING,SUSPENDED,2026-04-24 10:36:18
357,Karen,Thomas,karen.thomas357@example-corp.com,+1-800-935-1272,ENTERPRISE,ACTIVE,2026-06-06 12:06:05
358,Linda,Wilson,linda.wilson358@example-corp.com,+1-800-697-6040,STANDARD,PENDING,2026-03-21 03:16:20
359,Thomas,Walker,thomas.walker359@example-corp.com,+1-800-771-4728,STANDARD,PENDING,2026-03-23 09:52:41
360,William,Taylor,william.taylor360@example-corp.com,+1-800-744-7229,PREMIUM,SUSPENDED,2025-12-20 21:12:23
361,Robert,Jackson,robert.jackson361@example-corp.com,+1-800-817-2800,PREMIUM,ACTIVE,2026-03-08 02:32:53
362,Christopher,Wilson,christopher.wilson362@example-corp.com,+1-800-255-7765,PREMIUM,ACTIVE,2026-03-31 17:04:03
363,Michelle,Robinson,michelle.robinson363@example-corp.com,+1-800-582-2020,PREMIUM,PENDING,2025-12-07 08:20:08
364,Emily,Hernandez,emily.hernandez364@example-corp.com,+1-800-778-8837,PRIVATE_BANKING,ACTIVE,2025-11-24 01:56:52
365,Sandra,Robinson,sandra.robinson365@example-corp.com,+1-800-645-6608,ENTERPRISE,SUSPENDED,2026-07-14 15:14:13
366,George,Perez,george.perez366@example-corp.com,+1-800-758-5331,PRIVATE_BANKING,ACTIVE,2025-12-22 13:29:44
367,Sarah,Moore,sarah.moore367@example-corp.com,+1-800-405-4684,ENTERPRISE,ACTIVE,2026-06-18 13:55:25
368,Susan,Thompson,susan.thompson368@example-corp.com,+1-800-821-9011,ENTERPRISE,ACTIVE,2026-01-31 06:51:07
369,Emily,Robinson,emily.robinson369@example-corp.com,+1-800-914-5480,ENTERPRISE,ACTIVE,2026-04-28 12:57:43
370,Amanda,Moore,amanda.moore370@example-corp.com,+1-800-488-7464,ENTERPRISE,ACTIVE,2026-01-08 14:59:08
371,Robert,Martinez,robert.martinez371@example-corp.com,+1-800-831-2294,ENTERPRISE,ACTIVE,2026-05-30 13:52:24
372,Thomas,White,thomas.white372@example-corp.com,+1-800-590-4505,PREMIUM,PENDING,2026-01-01 02:54:39
373,Emily,Thompson,emily.thompson373@example-corp.com,+1-800-378-3249,STANDARD,PENDING,2026-07-02 13:22:30
374,Donna,Davis,donna.davis374@example-corp.com,+1-800-348-1831,PREMIUM,SUSPENDED,2025-12-17 05:57:53
375,Patricia,Brown,patricia.brown375@example-corp.com,+1-800-523-6411,PRIVATE_BANKING,ACTIVE,2026-06-09 08:56:25
376,David,Smith,david.smith376@example-corp.com,+1-800-663-3587,PRIVATE_BANKING,SUSPENDED,2026-09-15 22:54:05
377,Donald,Thomas,donald.thomas377@example-corp.com,+1-800-766-4267,ENTERPRISE,ACTIVE,2026-01-06 16:02:04
378,Carol,Johnson,carol.johnson378@example-corp.com,+1-800-887-2465,PREMIUM,PENDING,2026-07-01 16:49:41
379,George,Ramirez,george.ramirez379@example-corp.com,+1-800-138-3868,PRIVATE_BANKING,ACTIVE,2026-09-15 12:33:37
380,Robert,Clark,robert.clark380@example-corp.com,+1-800-506-9116,PREMIUM,SUSPENDED,2026-08-22 14:06:33
381,Charles,Lewis,charles.lewis381@example-corp.com,+1-800-138-1151,ENTERPRISE,PENDING,2026-05-09 22:06:55
382,Michael,Robinson,michael.robinson382@example-corp.com,+1-800-443-5662,PRIVATE_BANKING,SUSPENDED,2026-04-16 19:41:54
383,Kimberly,Thomas,kimberly.thomas383@example-corp.com,+1-800-237-9261,PRIVATE_BANKING,ACTIVE,2025-12-01 16:54:11
384,Linda,Hernandez,linda.hernandez384@example-corp.com,+1-800-266-8518,ENTERPRISE,SUSPENDED,2025-11-29 03:16:19
385,James,White,james.white385@example-corp.com,+1-800-445-5833,PREMIUM,ACTIVE,2026-05-13 02:16:46
386,Kenneth,Lewis,kenneth.lewis386@example-corp.com,+1-800-515-8007,ENTERPRISE,ACTIVE,2026-02-20 11:48:26
387,Kevin,Brown,kevin.brown387@example-corp.com,+1-800-289-3303,PRIVATE_BANKING,ACTIVE,2026-09-16 06:17:44
388,Jessica,Smith,jessica.smith388@example-corp.com,+1-800-367-7284,PREMIUM,ACTIVE,2026-07-07 13:17:31
389,Sarah,Walker,sarah.walker389@example-corp.com,+1-800-437-5947,STANDARD,ACTIVE,2026-05-29 16:32:29
390,Lisa,Thompson,lisa.thompson390@example-corp.com,+1-800-341-2017,STANDARD,ACTIVE,2026-01-14 23:24:47
391,William,Gonzalez,william.gonzalez391@example-corp.com,+1-800-802-9233,ENTERPRISE,SUSPENDED,2025-11-02 10:09:53
392,Kenneth,Robinson,kenneth.robinson392@example-corp.com,+1-800-402-7021,PREMIUM,ACTIVE,2025-11-08 16:43:19
393,Donald,Jones,donald.jones393@example-corp.com,+1-800-565-7121,PRIVATE_BANKING,SUSPENDED,2026-04-19 03:00:26
394,Donald,Harris,donald.harris394@example-corp.com,+1-800-650-4578,PREMIUM,SUSPENDED,2026-07-07 22:27:11
395,Joshua,Ramirez,joshua.ramirez395@example-corp.com,+1-800-906-2341,PRIVATE_BANKING,PENDING,2026-06-18 03:20:47
396,Lisa,Williams,lisa.williams396@example-corp.com,+1-800-677-2838,STANDARD,PENDING,2026-09-03 11:17:54
397,Steven,Miller,steven.miller397@example-corp.com,+1-800-686-9792,PREMIUM,ACTIVE,2026-01-23 06:02:55
398,Kimberly,Anderson,kimberly.anderson398@example-corp.com,+1-800-219-4365,PRIVATE_BANKING,ACTIVE,2026-09-01 22:01:36
399,Steven,Anderson,steven.anderson399@example-corp.com,+1-800-928-1911,PRIVATE_BANKING,ACTIVE,2026-04-05 03:35:14
400,Anthony,Anderson,anthony.anderson400@example-corp.com,+1-800-677-1945,PRIVATE_BANKING,SUSPENDED,2026-07-28 04:46:01
401,Karen,White,karen.white401@example-corp.com,+1-800-122-7487,ENTERPRISE,ACTIVE,2026-07-04 11:10:20
402,Susan,Jackson,susan.jackson402@example-corp.com,+1-800-174-1742,PRIVATE_BANKING,ACTIVE,2026-06-16 19:49:51
403,John,Moore,john.moore403@example-corp.com,+1-800-161-2130,PRIVATE_BANKING,ACTIVE,2026-01-07 07:39:00
404,Anthony,Garcia,anthony.garcia404@example-corp.com,+1-800-887-3218,PRIVATE_BANKING,ACTIVE,2026-08-29 23:36:07
405,Matthew,Anderson,matthew.anderson405@example-corp.com,+1-800-990-7184,PRIVATE_BANKING,ACTIVE,2026-06-09 23:16:44
406,Kevin,Ramirez,kevin.ramirez406@example-corp.com,+1-800-652-3178,ENTERPRISE,ACTIVE,2025-11-26 03:15:56
407,Paul,Gonzalez,paul.gonzalez407@example-corp.com,+1-800-641-3086,PREMIUM,ACTIVE,2026-07-08 11:52:25
408,Mary,Martinez,mary.martinez408@example-corp.com,+1-800-574-9920,PRIVATE_BANKING,PENDING,2026-02-12 02:53:01
409,Joseph,Davis,joseph.davis409@example-corp.com,+1-800-571-6671,PREMIUM,ACTIVE,2025-11-30 00:32:09
410,George,Harris,george.harris410@example-corp.com,+1-800-215-1527,PRIVATE_BANKING,PENDING,2026-07-12 07:54:23
411,Mary,Davis,mary.davis411@example-corp.com,+1-800-311-2102,STANDARD,PENDING,2025-09-30 20:43:27
412,Mark,Martin,mark.martin412@example-corp.com,+1-800-788-1797,PREMIUM,SUSPENDED,2025-10-05 00:05:13
413,Betty,Anderson,betty.anderson413@example-corp.com,+1-800-339-9843,PREMIUM,ACTIVE,2025-11-11 05:55:44
414,Steven,Martinez,steven.martinez414@example-corp.com,+1-800-339-6224,ENTERPRISE,ACTIVE,2026-01-13 00:25:09
415,Elizabeth,Perez,elizabeth.perez415@example-corp.com,+1-800-633-4621,PRIVATE_BANKING,ACTIVE,2026-01-02 16:23:28
416,Patricia,Moore,patricia.moore416@example-corp.com,+1-800-705-3869,PRIVATE_BANKING,PENDING,2026-03-29 07:17:29
417,Patricia,Lopez,patricia.lopez417@example-corp.com,+1-800-758-7244,ENTERPRISE,SUSPENDED,2026-02-26 12:11:51
418,Anthony,Jones,anthony.jones418@example-corp.com,+1-800-407-7167,PREMIUM,PENDING,2026-03-20 17:17:10
419,Jessica,Ramirez,jessica.ramirez419@example-corp.com,+1-800-330-5927,PREMIUM,ACTIVE,2026-09-08 01:46:35
420,Patricia,Moore,patricia.moore420@example-corp.com,+1-800-522-7824,PREMIUM,ACTIVE,2025-12-21 03:22:34
421,Thomas,Miller,thomas.miller421@example-corp.com,+1-800-438-2295,PRIVATE_BANKING,ACTIVE,2025-10-23 17:35:51
422,Paul,White,paul.white422@example-corp.com,+1-800-949-4120,STANDARD,ACTIVE,2026-02-11 07:13:52
423,Amanda,Martin,amanda.martin423@example-corp.com,+1-800-717-1647,STANDARD,ACTIVE,2026-07-27 07:39:29
424,Donna,White,donna.white424@example-corp.com,+1-800-787-4555,PRIVATE_BANKING,ACTIVE,2026-08-21 11:51:16
425,Nancy,Martinez,nancy.martinez425@example-corp.com,+1-800-115-4470,PREMIUM,SUSPENDED,2025-11-02 09:14:13
426,Deborah,Harris,deborah.harris426@example-corp.com,+1-800-590-4974,PREMIUM,ACTIVE,2026-09-08 05:22:03
427,Jessica,Moore,jessica.moore427@example-corp.com,+1-800-429-5637,PRIVATE_BANKING,ACTIVE,2026-04-13 01:45:01
428,Carol,Lopez,carol.lopez428@example-corp.com,+1-800-415-5285,ENTERPRISE,PENDING,2026-08-26 16:10:28
429,Ashley,Anderson,ashley.anderson429@example-corp.com,+1-800-200-8692,ENTERPRISE,ACTIVE,2026-02-08 18:59:28
430,Christopher,Wilson,christopher.wilson430@example-corp.com,+1-800-146-4625,PREMIUM,ACTIVE,2025-12-28 02:21:42
431,Emily,Robinson,emily.robinson431@example-corp.com,+1-800-698-7841,ENTERPRISE,ACTIVE,2025-12-03 00:24:38
432,Nancy,Davis,nancy.davis432@example-corp.com,+1-800-488-5026,PRIVATE_BANKING,PENDING,2026-05-30 01:09:33
433,Amanda,Hernandez,amanda.hernandez433@example-corp.com,+1-800-363-9005,PRIVATE_BANKING,ACTIVE,2025-11-22 03:49:19
434,George,Sanchez,george.sanchez434@example-corp.com,+1-800-460-3773,PREMIUM,SUSPENDED,2026-04-18 01:57:06
435,Ashley,Garcia,ashley.garcia435@example-corp.com,+1-800-655-1962,STANDARD,ACTIVE,2026-08-01 12:02:43
436,Kevin,Johnson,kevin.johnson436@example-corp.com,+1-800-882-1104,PRIVATE_BANKING,ACTIVE,2026-08-11 00:51:24
437,Kenneth,Davis,kenneth.davis437@example-corp.com,+1-800-169-3474,STANDARD,ACTIVE,2026-04-02 05:32:35
438,Sandra,Lopez,sandra.lopez438@example-corp.com,+1-800-161-8916,PRIVATE_BANKING,ACTIVE,2025-09-20 09:24:08
439,Paul,Moore,paul.moore439@example-corp.com,+1-800-521-1194,STANDARD,PENDING,2026-06-25 07:05:41
440,Sarah,Moore,sarah.moore440@example-corp.com,+1-800-393-1280,PRIVATE_BANKING,ACTIVE,2025-10-29 09:14:10
441,Michael,Taylor,michael.taylor441@example-corp.com,+1-800-252-4948,PREMIUM,PENDING,2026-04-10 06:41:46
442,Thomas,Clark,thomas.clark442@example-corp.com,+1-800-462-5379,PRIVATE_BANKING,ACTIVE,2026-02-09 16:51:48
443,Betty,Anderson,betty.anderson443@example-corp.com,+1-800-678-4984,PREMIUM,ACTIVE,2026-06-10 11:30:03
444,Jennifer,Lee,jennifer.lee444@example-corp.com,+1-800-978-1519,STANDARD,ACTIVE,2026-02-12 02:46:03
445,Matthew,Moore,matthew.moore445@example-corp.com,+1-800-587-1919,STANDARD,SUSPENDED,2025-11-23 09:10:53
446,Jennifer,Thomas,jennifer.thomas446@example-corp.com,+1-800-965-8109,ENTERPRISE,PENDING,2026-08-17 00:32:25
447,Michael,Lewis,michael.lewis447@example-corp.com,+1-800-640-1697,PREMIUM,ACTIVE,2026-09-02 20:14:37
448,Brian,Lewis,brian.lewis448@example-corp.com,+1-800-680-8790,ENTERPRISE,ACTIVE,2026-09-11 17:33:34
449,John,Perez,john.perez449@example-corp.com,+1-800-387-9897,STANDARD,ACTIVE,2026-09-13 12:30:02
450,Christopher,Smith,christopher.smith450@example-corp.com,+1-800-312-3362,PRIVATE_BANKING,ACTIVE,2026-01-12 01:14:01
451,William,Jackson,william.jackson451@example-corp.com,+1-800-346-7375,ENTERPRISE,ACTIVE,2026-07-08 06:33:34
452,Deborah,Jones,deborah.jones452@example-corp.com,+1-800-909-2284,ENTERPRISE,ACTIVE,2025-10-25 18:16:06
453,Margaret,Davis,margaret.davis453@example-corp.com,+1-800-958-2245,ENTERPRISE,PENDING,2026-07-13 11:25:22
454,Michelle,Walker,michelle.walker454@example-corp.com,+1-800-709-7499,ENTERPRISE,ACTIVE,2026-05-22 02:13:30
455,Sarah,Sanchez,sarah.sanchez455@example-corp.com,+1-800-561-9038,PREMIUM,ACTIVE,2026-04-20 14:27:21
456,Matthew,Wilson,matthew.wilson456@example-corp.com,+1-800-290-7227,STANDARD,PENDING,2026-01-10 12:54:25
457,Jessica,Thompson,jessica.thompson457@example-corp.com,+1-800-175-2344,ENTERPRISE,ACTIVE,2026-02-12 09:37:38
458,Melissa,Sanchez,melissa.sanchez458@example-corp.com,+1-800-749-3527,PRIVATE_BANKING,ACTIVE,2026-02-04 21:44:26
459,Michael,Williams,michael.williams459@example-corp.com,+1-800-105-6050,PRIVATE_BANKING,ACTIVE,2026-07-10 12:02:04
460,Sarah,Brown,sarah.brown460@example-corp.com,+1-800-235-2430,PREMIUM,ACTIVE,2026-03-11 03:17:49
461,Emily,Moore,emily.moore461@example-corp.com,+1-800-624-7685,STANDARD,ACTIVE,2025-10-22 15:04:44
462,Daniel,Moore,daniel.moore462@example-corp.com,+1-800-195-6315,PRIVATE_BANKING,ACTIVE,2026-01-09 03:59:07
463,Anthony,Gonzalez,anthony.gonzalez463@example-corp.com,+1-800-897-2387,PREMIUM,PENDING,2026-04-08 04:49:01
464,William,Perez,william.perez464@example-corp.com,+1-800-489-3777,PREMIUM,ACTIVE,2026-01-12 18:31:03
465,Sarah,Thomas,sarah.thomas465@example-corp.com,+1-800-249-2036,PREMIUM,ACTIVE,2026-01-02 23:55:18
466,Anthony,Martinez,anthony.martinez466@example-corp.com,+1-800-595-2260,ENTERPRISE,ACTIVE,2025-12-22 14:09:24
467,George,Lee,george.lee467@example-corp.com,+1-800-607-4203,PRIVATE_BANKING,ACTIVE,2025-11-09 10:37:29
468,Karen,Smith,karen.smith468@example-corp.com,+1-800-505-6443,PRIVATE_BANKING,ACTIVE,2026-03-07 18:56:45
469,Nancy,Wilson,nancy.wilson469@example-corp.com,+1-800-935-3230,ENTERPRISE,ACTIVE,2026-05-10 02:06:26
470,Brian,Miller,brian.miller470@example-corp.com,+1-800-590-6147,PREMIUM,ACTIVE,2026-01-19 18:20:58
471,Charles,White,charles.white471@example-corp.com,+1-800-811-9044,PREMIUM,ACTIVE,2026-02-10 20:51:37
472,Sarah,Clark,sarah.clark472@example-corp.com,+1-800-904-7437,ENTERPRISE,ACTIVE,2026-09-14 19:15:58
473,Andrew,Miller,andrew.miller473@example-corp.com,+1-800-706-9939,PREMIUM,SUSPENDED,2026-07-12 22:29:17
474,Emily,Smith,emily.smith474@example-corp.com,+1-800-844-8563,PREMIUM,ACTIVE,2026-07-24 14:44:19
475,Charles,Clark,charles.clark475@example-corp.com,+1-800-809-2133,PRIVATE_BANKING,SUSPENDED,2026-03-30 17:36:50
476,David,Lee,david.lee476@example-corp.com,+1-800-410-4965,ENTERPRISE,SUSPENDED,2025-11-16 16:29:23
477,Melissa,Wilson,melissa.wilson477@example-corp.com,+1-800-908-7176,STANDARD,ACTIVE,2026-05-08 00:55:05
478,Donald,Jackson,donald.jackson478@example-corp.com,+1-800-510-9755,PRIVATE_BANKING,PENDING,2025-10-02 02:26:49
479,Lisa,Thompson,lisa.thompson479@example-corp.com,+1-800-931-9796,STANDARD,ACTIVE,2026-07-13 10:56:31
480,Jessica,Perez,jessica.perez480@example-corp.com,+1-800-780-6816,PREMIUM,SUSPENDED,2026-05-13 18:20:34
481,Robert,Jackson,robert.jackson481@example-corp.com,+1-800-760-7547,ENTERPRISE,ACTIVE,2025-10-28 23:14:44
482,James,Brown,james.brown482@example-corp.com,+1-800-364-4637,PREMIUM,ACTIVE,2026-02-10 02:49:04
483,Betty,Anderson,betty.anderson483@example-corp.com,+1-800-890-9199,PREMIUM,ACTIVE,2025-09-27 08:42:40
484,Donald,Brown,donald.brown484@example-corp.com,+1-800-402-7815,STANDARD,ACTIVE,2026-08-06 16:12:49
485,George,Jones,george.jones485@example-corp.com,+1-800-456-6110,ENTERPRISE,ACTIVE,2026-07-19 09:41:49
486,Susan,Taylor,susan.taylor486@example-corp.com,+1-800-594-6706,PRIVATE_BANKING,ACTIVE,2026-03-06 23:46:24
487,George,Thompson,george.thompson487@example-corp.com,+1-800-563-6225,STANDARD,ACTIVE,2025-10-05 04:14:49
488,Melissa,Brown,melissa.brown488@example-corp.com,+1-800-123-6620,STANDARD,SUSPENDED,2026-07-25 12:46:42
489,William,Robinson,william.robinson489@example-corp.com,+1-800-858-4996,PREMIUM,PENDING,2025-11-19 00:20:37
490,Nancy,Moore,nancy.moore490@example-corp.com,+1-800-536-8570,PREMIUM,ACTIVE,2026-05-20 09:33:44
491,Barbara,Garcia,barbara.garcia491@example-corp.com,+1-800-755-8080,PRIVATE_BANKING,ACTIVE,2026-07-01 04:43:42
492,Michelle,Lewis,michelle.lewis492@example-corp.com,+1-800-302-8365,PRIVATE_BANKING,ACTIVE,2025-09-19 13:14:53
493,Melissa,Miller,melissa.miller493@example-corp.com,+1-800-310-5560,STANDARD,PENDING,2025-10-27 08:10:07
494,Paul,Garcia,paul.garcia494@example-corp.com,+1-800-474-6340,PREMIUM,ACTIVE,2025-11-01 01:54:29
495,Thomas,Perez,thomas.perez495@example-corp.com,+1-800-983-9019,ENTERPRISE,PENDING,2026-02-15 18:09:04
496,Michelle,Gonzalez,michelle.gonzalez496@example-corp.com,+1-800-701-2871,ENTERPRISE,ACTIVE,2026-08-12 04:34:04
497,Sandra,Martin,sandra.martin497@example-corp.com,+1-800-276-5873,STANDARD,SUSPENDED,2025-11-08 20:15:16
498,Christopher,Brown,christopher.brown498@example-corp.com,+1-800-344-6003,STANDARD,ACTIVE,2026-02-09 19:14:08
499,Brian,Jones,brian.jones499@example-corp.com,+1-800-623-7364,PRIVATE_BANKING,PENDING,2025-11-10 08:47:13
500,Andrew,Gonzalez,andrew.gonzalez500@example-corp.com,+1-800-533-4043,PRIVATE_BANKING,SUSPENDED,2026-04-14 12:30:31
